,vid_num,url,username,nickname,description,location_created,suggested_words,video_duration,is_add,music,like_count,share_count,comment_count,play_count,collect_count,comments
0,30,https://www.tiktok.com/@/video/7339380915870715144/,melrubyrey,melrubyrey,Secretâ€™s out ğŸ¤« ,AU,"['synth pop', ""New Year's Day Eras Tour"", 'keyboard piano', ""new year's day x peace"", 'synth pop examples', 'new years day taylor', 'ttpd taylor swift', 'what is synth pop', 'Taylor Swift', 'taylor swift sydney']",75.0,,original sound - melrubyrey,246300.0,2275.0,1345.0,1700000.0,15609,"['This would never happen in accident. This is 100% confirmation of TTPD being synth pop and Iâ€™m HERE for it ğŸ¤', 'The way she said â€œsynth sound ğŸ˜ğŸ˜ğŸ¤­ğŸ«£ğŸ˜›ğŸ˜‹ğŸ¤ªğŸ˜‰â€', 'Well TTPD is under synth pop ğŸ‘€', ""I've known that since the ghost piano incident ğŸ˜‚"", 'She did it on purpose ğŸ˜¬', 'my damn keyboards playing a ğŸ”ˆSYNTH ğŸ”ˆ sound', 'I DID NOT LOSE NEW YEARS DAY AGAIN.', 'â€œWhat if I told you none of it was accidental?â€ ğŸ¤£ğŸ’•', 'â€œNone of it was accidentalâ€. That SMIRK lol', 'â€œWell anywayâ€¦now you know what weâ€™re doingâ€¦â€ ğŸ˜‚ğŸ˜‚', 'I think a crew member might have accidentally hit the backstage', 'â€œI wonder if itâ€™ll work though. I donâ€™t think it will thoughâ€ are probably lyrics to the song sheâ€™s referencing with the synth sound ğŸ˜­', 'Hereâ€™s my theory: This was done on purpose and is an Easter egg for TTPD and that it is a synth pop while sounding similar to this', 'ID START CRYING IF I HEAR THAT INTRO', 'What if i told you none of this was accidental?', 'I think this is an Easter egg for the sound of her new album.', 'Thatâ€™s definitely the start of a new track on TTPD', 'i was there it was rare i remember it all too well', 'SHE LITERALLY DID THE SMIRK WHAT THE FLIPPITY FLIP BRO', 'we all knew that from ghost piano']"
1,4,https://www.tiktok.com/@/video/7340402416682011947/,marewood,Maryâœ¨ğŸ’ŒğŸ’ğŸ‚â¤ï¸,HAHAHAHAHA Im so embarrassed oopsiesâ€¦ skincare was done & heatless curls.,US,"['heatless curls', 'curls', 'Heatless Hair', 'heatless hairstyle', 'Hair Curls', 'No Heat Curls', 'Hair Curls No Heat', 'Heatless Curl Hairstyle', 'Heatless Hair Curler', 'Heatless Waves']",7.0,,Funny - Gold-Tiger,316.0,0.0,32.0,5848.0,4,"['LOL REAL', 'HAHA', 'HAHAHA NO WAY', 'YES IT WAS BAD', 'Hey period girl', 'Lmao yes', 'HAHAHA theyâ€™ll just know youâ€™re dedicated', 'Fr heâ€™s going to be like she means business', 'this is too good haha', 'Sadly so real', 'lmao I love this', 'HAHAHAH', 'this is so real', 'I WAS CACKLING', 'LMAO', 'no excuse to miss the heatless curlsğŸ’†ğŸ¼\u200dâ™€ï¸', 'Amazing ğŸ˜…', 'NOOOOOO ğŸ˜­ğŸ˜‚ğŸ˜‚', 'Iâ€™m so deadğŸ˜‚', 'HAHAHA', 'Hahahhaha', 'No fr', 'Hahaâ¤ï¸', 'Haha ğŸ˜­', 'ğŸ˜‚ğŸ˜‚ğŸ˜‚', 'ğŸ˜Œ', 'Iâ€™m sure the professor has seen much worse. I train for a WFH company and the amount of bras, boobs, and underwear Iâ€™ve seen is insane. ğŸ˜…ğŸ˜‚', 'Iâ€™m sure']"
2,26,https://www.tiktok.com/@/video/7319956346454019330/,nyxcosmetics,nyxcosmetics,Find your shade and get the laminated brow look with 16HR hold. Vegan & cruelty free!,FAKE-AD,"['NYX Brow Glue', 'Eyebrows', 'Eyebrow Makeup', 'laminated brows', 'Brows Products', 'NYX Cosmetics', 'Laminated Brows Effect', 'Eyebrow Lamination', 'eyebrow gel', 'Brow Tutorial']",6.0,True,Promoted Music,4623.0,70.0,49.0,19400000.0,58,"['Shit SUCKS ğŸ˜˜', ""The clear one leaves a visible film I don't like it."", 'This works so good fr', 'tried this and i hate it', 'We really just needed the clear tbh but yeah thanks', 'girl i been had this off temu', 'WEEZER BLUE', 'I donâ€™t have eyebrows', 'itâ€™s aight', 'Works so good but made my skin flare â€¦beware sensitive skin !', 'One of my fav brands', 'ok', 'I literally bout it today lol', '@ava this is what i was taking about', 'can we make a ginger shade plz', '#SaveRafah ğŸ‡µğŸ‡¸', 'wow everyone hates this? i use it all the time and love it.', 'this made my eyebrows fall out ğŸ’€', 'just use hair gel']"
3,10,https://www.tiktok.com/@/video/7325441724111670530/,wndr_museum,wndr_museum,Looking for things to do in Boston? Check out WNDR Museum.,FAKE-AD,"['things to do in boston', 'Boston Activities', 'boston', 'Boston, Massachusetts', 'Attractions In Boston', 'Things To Do In Boston Massachusetts', 'what to do in boston', 'Museum Of Science Boston', 'Where To Go In Boston', 'What To Visit in Boston Massachusetts']",22.0,True,,9620.0,1744.0,70.0,1400000.0,414,"['Just so folks know these â€œart installationsâ€ are a ripoff. Just a big warehouse with some projectors and screens', 'Complete waste of time and money - nothing cool about it..', 'Pretty cool concept and the art was amazing. Go on a weekday before 5 for cheaper tickets and less of a crowd. Take your time to explore!', 'This on ğŸ„', 'Where??? In Boston', 'I went today it was fun.', 'Does anyone know if this is open permanently?', 'I get this is fun for Instagramers etc. But what makes this a museum?', 'Taking my kids on Thursday during school vacation! So excited', 'But why is it temporarily closed', 'So excited!!!', 'Ohhh I need to take my kid for his bday', '@Corey Silva can we go', '@jazmin @ã…¤we go', 'Waste of money and time', 'Do they play music at these art displays if so Iâ€™ll check it out', 'was booked for this thursday. yesterday they email me saying nope sorry we rescheduled you for next week same time due to a private event. i canâ€™t do next week. wonâ€™t be buying again', 'Wuz Cool but didnâ€™t see half of this stuff', 'See yall tonight!!!!', 'Just went yesterday! So cool and everyone was so nice']"
4,47,https://www.tiktok.com/@/video/7338841198599130411/,parkerisfunny,Parker,I think she was just tired ,US,"['love is blind', 'senior dog', 'Dog Sleeping', 'Puppy Dog', 'dogsofttiktok', 'My Dog Is So Cute', 'Dogs With Puppies', 'dog reacting to videos', 'cute dog', 'dog sound reaction']",36.0,,original sound - Parker,228500.0,9328.0,1601.0,1900000.0,7486,"['Is lily in the room with us?ğŸ˜‚', 'My parents had an expired Lily too', 'She looking for lily tooğŸ˜‚', 'The lights are on but Lily is not home ğŸ¡ğŸ¥¹ğŸ¤', 'Does Lily know sheâ€™s Lily', 'Do you have to periodically mist her tongue so it doesnâ€™t dry out', 'maybe lily was the friends we made along the way', 'ğŸ˜‹@sophia', 'the smoothest brain there ever was', 'Lily is all vibes no thoughts', 'Lily is like shush Iâ€™m trying to go to the light ğŸ˜‚', 'I think it went really well', 'she really said ğŸ¤ª', 'Her batteries, check her batteries', 'Me fr', 'not a thought behind those eyes', '@Calleigh @Cresinda @Remi @MarissaCaray19 OMG ELLA', 'Unbothered queen', 'God bless Lily', 'lilly the whole video: ğŸ‘ï¸ğŸ‘…ğŸ‘ï¸', 'lily said ğŸ¤ª', 'The tongue ğŸ˜‚', 'ğŸ˜œ', 'lily is so done', 'Yall donâ€™t get her like i do', 'Lilly is perfect. Senior dogs are the best ğŸ˜­', '@jayden is this Walmart Noah boat??????', 'bless her heart', 'that â€œoh godâ€ cracked me up', 'She really said â€œğŸ˜›â€', 'I too have an ancient NPC dog', 'She is so cute ğŸ˜­â¤ï¸', 'Sheâ€™s literally so cute ğŸ˜­â¤ï¸', 'lily is just like me', 'she just like me fr ğŸ˜­ğŸ˜­ğŸ˜­', '@anna THE TONGUE', '@bemma frank', 'lights on nobody home', '@Jaylee our baby axle', '@Spongebob Squarepant this is literally Bellaâ€¦.']"
5,8,https://www.tiktok.com/@/video/7339128528383790368/,nnilarts,Nila ğŸ›,Now she looks like a baguette from above ğŸ’”ğŸ¥– ,DK,"['jocelyn song', 'i hope that it was worth it with jocelyn', 'Draw', 'drawings', 'Drawing Art', 'artwork', 'Drawing People', 'Realistic Drawing', 'Perspective Drawing', 'Drawing Characters']",7.0,,original sound - <3,276300.0,94.0,355.0,4100000.0,3841,"['I swear she looks like Billie and Sydney Sweeny at the same time', 'Went from Billie to Sydney Sweeney', 'Am I the only one who sees nothing wrong?ğŸ˜­', 'Still looks amazingğŸ¤·\u200dâ™‚ï¸', 'Thank you', 'Is the angle in the room with us?', 'I thought that was Renee rapp', 'I though it was renee rap', 'she looks like billie, renee and sydney at the same time', 'sheâ€™s looking both left and right at the same time im baffled', 'why are the eyes moving or am I mad', 'Angles â˜ ï¸', 'Hang it high on the wall', 'It still looks so good!', 'Thanks!', 'I do this all the time', 'still slays', 'she looks like me from that angle a little', 'A lot of paintings only look good in certain lighting, and I meant paintings in museums!', 'i see the angle but 90% of people who donâ€™t draw wonâ€™t see it because itâ€™s not that bad ğŸ˜…', 'I love this! It looks so good. I always have that trouble with drawing at an angle and then realising later! ğŸ™‚', 'Thank you!!', '""Whereâ€™s the angle"" tell me ur not an artist without telling me ur not an artist', 'i see billie renee rap and sydney sweeney']"
6,9,https://www.tiktok.com/@/video/7339982535172050182/,shaniaoliver,ShaniaO,Friendship bracelt mug â¤ï¸ ,CA,"['Pottery Painting Ideas', 'pottery painting', 'Friendship Bracelet', 'Taylor Swift Friendship Bracelet', 'Mugs', 'bracelet', 'Bracelets Taylor Swift', 'taylor swift mug', 'Taylor Swift Merchandise', 'Taylor Swift Merch']",10.0,,youre on your own kid - clo â™¡,121700.0,3296.0,724.0,788200.0,18544,"['Canâ€™t wait to see it when you pick it up!', 'And now I need to go to my local pottery painting spot', 'You just gave so many of us ideas ğŸ˜­ğŸ–¤', 'Happy to share it with my swiftie friends â¤ï¸', '@d PLEASE WE HAVE TO', 'need', '@Bella this is so cute', 'I want to buy one', '@spam we need to paint Taylor Swift mugs', 'the tortured poets department erasure!', '@caity our sign to go pottery painting', ""I'd pay more than $125 for that mug"", '@shay à±¨à§ brb gonna go take up pottery!â€™', '@addie â¤ï¸@Emory Muller!!! I NEED THIS', 'Whereâ€™s TTPD? ğŸ¤£', 'what abt ttpd ğŸ¤”', '@EP ;) THIS IS SO CUTE', 'STOP SO CUTE!!!!!!', '@kate x @Summer', 'So cute!', '@charlotte x need to do this', 'This is SUCH a good idea', '@leah omg', '@ğŸŒ¹ğŸŒ¹ so so cuteeee', '@popsğŸ€ t this is so cute', '@katie_render @Nina ZğŸ©· can we add pottery painting to the summer bucket list!!', ""@MimiğŸŒ»(Taylor's Version) we need to do smt like this !!!"", '@altheashamo we gotta make', '@Royal Canadian Mounted Police I should do this at fire it', 'girl i will pay u to make me a taylor swift one ahaha @Isa Valencia', 'remind me for the update please!', '@Reese Kay ğŸŒ @clara (Taylorâ€™s version) should do this too', '@Kate next time', 'I WANT', 'wait i love this', '@Baylienic omg you could do this!', '@will.boiteau @Anna @Sarah Boissonneault we should this', '@Sahana @shaan yall could never', '@MiyahğŸ¸ NEED', ""ooh that's so cute"", '@hailey LETS GO TO POTTERY']"
7,46,https://www.tiktok.com/@/video/7330757068103650561/,Fidelity â„ ,Fidelity â„ ,Ready to crush your goals? Save + invest smarter with tools that help make progress easy.,FAKE-AD,['Goals In Life'],9.0,True,Promoted Music,1157.0,0.0,0.0,8400000.0,10,[]
8,11,https://www.tiktok.com/@/video/7335995398525422878/,yurilamasbella,Yuri Lamasbella,POV: your kid at school ,US,"[""your child's too honest at school"", 'your kid at school', 'kids being too honest at school', 'kids being too honest', 'relatable tiktok videos', 'mom walking in', 'KUWTK', 'Kids Be Like', 'mom chats', 'Parents Of Tiktok']",37.0,,Awkward failure Â· I have done ... - Zassh,1300000.0,38900.0,5858.0,9900000.0,45916,"['I teach kindergarten. A kid told me that his mom made him sleep outside. They had gone camping.', 'kinder-2nd grade is always a game of ""is it abuse or a funny story"" ğŸ˜‚ğŸ’€', 'Iâ€™m pretty sure my sonâ€™s kindergarten teacher thought I was dying b/c I was â€œalways in the hospitalâ€â€¦ Iâ€™m a nurse. ğŸ˜‚', 'This.', 'Donâ€™t worry as a teacher I always ask follow up questions ğŸ˜‚', 'FACTS', 'Not my 5 yr old daughter telling the doctor we left her â€œlittle sisterâ€ in the carâ€¦. It was a DOLL', '@JamieOhhh arya', 'my sons kin-friend told him his Mom is giving him up for adoption. I called her and she said his step-dad is adopting him lol', 'Thisss', 'My dad accidentally kicked my brother when they were wrestling and he said â€œyou canâ€™t tell ppl I kicked youâ€ so he said â€œmy dad said I canâ€™t tell you what happenedâ€ğŸ˜­', 'ğŸ˜‚ğŸ˜‚ğŸ˜‚ğŸ˜‚the accuracy ğŸ˜‚ ğŸ¤£', 'Omg', 'My husband left for the field with unit and my daughter told her teachers that he packed his bags and moved out ğŸ˜…', 'These comments ğŸ˜‚', 'FACTS', 'This is my biggest fear', 'ğŸ˜‚ğŸ˜‚ğŸ˜‚kids', 'ğŸ˜‚ğŸ˜‚ğŸ˜‚ğŸ˜‚ the bro in a cage hahahahah classic kiddos', 'As a former K and pre-K teacher this is too accurate ğŸ˜©ğŸ˜­ğŸ˜­ğŸ˜­']"
9,27,https://www.tiktok.com/@/video/7337416715980115230/,espnmma,ESPN MMA, ,US,"['santiago bernabeu stadium', 'danawhite', 'dana white soccer', 'santiago bernabeu stadium ufc', 'soccer', 'Soccer Player', 'realmadrid', 'ufc santiago bernabeu', 'topuria', 'UFC']",26.0,,original sound - ESPN MMA,97500.0,515.0,745.0,1300000.0,4232,"['I like ufc but Santiago Bernabeu is bigger Then The ufc', 'Go to camp nou they need the money', 'That smile when he heard theres 80k seats to sellğŸ’€', 'Bro real madrid is bigger than the whole UFCğŸ¤£', 'Topuria Vs Sergio Ramos\nI would pay for it!', 'Xavi vs Ancelotti match', '80.000 seatsğŸ¤‘ğŸ¤‘ğŸ¤‘', 'Dana doesnâ€™t know el santiago bernabeu I hate Real Madrid but I know for a fact it has more history than even event center in the United States', ""Football fans when someone doesn't care about football and dk something popular in football ğŸ˜¡ğŸ˜¡ğŸ¤¬ğŸ¤¬ğŸ¤¬"", 'Dana papa Perez will charge you full payment, we know you donâ€™t like to pay ğŸ˜…ğŸ˜‚', 'Ufc 300 in bernabeau before GTA 6', 'Dana is supposed to be a worldly man but doesnâ€™t know about Santiago bernabeuâ€¦', 'he doesnâ€™t know abt the bernabeu but claims to be a â€œworldly educated manâ€ The bernabeu is bigger then the whole ufc and us combined ğŸ’€', 'Lol. Barca fan here but the Bernabeu has more history than the whole ufc itself. His bald head doesnâ€™t know how big football is.', 'All the soccer fans got butthurt in this comment section. ğŸ˜‚ğŸ˜‚', 'Anyone else notice the money eyes on Dana when he said 80kğŸ˜‚', 'After Dana white kept trash talking football ? Donâ€™t give him that privilege', 'Papa Perez vs Joan Laporta mai event ğŸ’€', 'Donâ€™t people in Spain cry about to many tourists ğŸ˜­ğŸ˜‚', 'soccer fans try not to hate on anything else other than soccer level impossible']"
10,31,https://www.tiktok.com/@/video/7334864893826419969/,American Eagle,American Eagle,"New arrivals in on-trend denim on denim, neutral tones, relaxed fits & more. 
",FAKE-AD,"['Denim', 'Denim Outfits', 'Denim Pants', 'Denim On Denim Outfit', 'Denim Trousers', 'Denim Jeans Outfit', 'denim jacket', 'Denim Skirts', 'Denim Romper', 'denim top outfit']",15.0,True,Promoted Music,3838.0,52.0,39.0,6700000.0,30,"['I thought he was Matteo for a sec lolâ¤ï¸', 'KAHLIL BETH', 'Iâ€™m thought it was Mateo', '@ Your models next time', 'Why did I say â€œmatteo??â€', 'kahlil looks so fineee', 'Khalil is my man donâ€™t play', 'Thought that was Matteo for a sec', 'I THOUGHT THE GUY WAS MATEO', 'OKAY KAHLILLL', '@Noah Miller u in the beginning?', 'Iâ€™m here for this ğŸ©µ', 'omg my man', 'LMAOOO I remmeber once matching w him on hinge', 'I THOUGHT THAT WAS HARRY STYLES AT FIRST', 'he looks high', 'Sweet', 'bro @legioen', 'khalilll', 'KAHLIL']"
11,5,https://www.tiktok.com/@/video/7329697521649880322/,Visa,Visa,An easy way to pay around the world,FAKE-AD,"['Get Paid To Talk To People', 'Pay Cash Delivery', 'Paying Strangers Groceries']",15.0,True,Promoted Music,5036.0,82.0,35.0,26200000.0,86,[]
12,16,https://www.tiktok.com/@/video/7338197083100302625/,grindzfans,Calvingrindz Tm,She didnâ€™t know what to say ğŸ¤£ğŸ¤£,SE,"['calvingrindz', 'calvinklein', 'calvin klein model', 'calvin klein model runway', 'Calvin', 'Calvin Klein Sneaker', 'Young Calvin Klein', 'Calvin Richard Klein Young', 'Starburst Dress Calvin Klein', 'obsession calvin klein']",23.0,,original sound - Calvingrindz Tm,51400.0,949.0,428.0,1600000.0,1862,[]
13,41,https://www.tiktok.com/@/video/7332930129934503170/,Walmart,Walmart,Members save on this + so much more,FAKE-AD,[],15.0,True,Promoted Music,3109.0,52.0,52.0,18800000.0,69,"['I just got fired and they took away my membership', 'I donâ€™t do Walmart & am getting along just fine ğŸ˜', 'Hey Walmart can us associates get new registers, scanners, raises, and can managers please accept doctors notes?', 'Flowers are blooming in Antarctica', 'one eye.', 'Does walmart remember it owes me over eight hundred dollars from my first paycheck I never received over three months ago?', 'Banned me for forgetting to scan cat litter L store', 'Walmart + was the biggest waist of $100 Iâ€™ve ever spent.', 'Iâ€™ll go to Walmart when they stop asking for a receipt after I bought my stuff', 'I edged in isle 16 at Walmart back in 08, those were the good days man', 'I love seeing polyamorous families being supportive by Walmart!', 'y the ads load but not the actual videos', 'Delivery never gets it right', 'Needa do better Im seeding torrents im never gonna watch', 'Lawsuit', 'I save 100% from not even having a movie night', 'ğŸ˜‚ we getting rid of subscriptions. Your a little late to the party.', 'Two of your coworkers gave me attitude and got snappy because I asked a question.', 'I received a package from Walmart that I didn t order!']"
14,36,https://www.tiktok.com/@/video/7340376965469326594/,Chewy,Chewy,Find what you need from Chewy for an epic day.,FAKE-AD,"['Chewy', 'chewy straw', 'chewy box', 'Chewy Hoboken']",13.0,True,Promoted Music,1141.0,6.0,5.0,1800000.0,0,"['Free HaÃ¯ti ğŸ‡­ğŸ‡¹', '3rd', 'ğŸ¥°', 'ğŸ¥º']"
15,2,https://www.tiktok.com/@/video/7339268749272436011/,mmmjoemele,Joe Mele,ğŸ¤£,US,"['smiling weird until they notice', 'smiling weird at my dad', 'smiling weird', 'smiling weird until they notice gabby', 'smiling weird until my dad notices original', 'smiling weird until notice', 'smiling weird until my dad notices', 'smiling weird until they notice wlw', 'weird smile prank', 'joe mele ratatouille']",69.0,,original sound - Joe Mele,1100000.0,22300.0,8413.0,8900000.0,119997,"['Whereâ€™s Lois Griffin? I miss her.', 'â€œgheadâ€ğŸ˜‚ğŸ˜‚', 'THIS TREND HAS ME WEAKğŸ˜­', 'The faces kept getting worse ğŸ˜‚', 'The face at the end is hysterical ğŸ˜­ğŸ˜­', 'â€œIâ€™m just stretching my faceâ€ğŸ˜­ğŸ˜­', 'This is the best thing Iâ€™ve ever seenğŸ˜‚ğŸ˜‚ğŸ˜‚', 'LMAO ğŸ˜‚', 'I think I made him laugh at the end ğŸ¤£', 'lol', '@Ashyny_luv @5 star_lonziğŸ’•ğŸ˜ @Gigi the ğŸ. Friends', 'Goofy ahh smile', 'â€œGHEADâ€ğŸ˜­ğŸ˜­', 'What the heck?', 'Funny as hell', 'This is the funniest trend ever please keep it going', 'OMG I CANT STOP LAUGHING!', 'lmao', 'I love it so so much', 'Lol']"
16,20,https://www.tiktok.com/@/video/7333390237667691778/,Dove,Dove,Summer and sun-soaked beaches,FAKE-AD,"['Summer Beach', 'summer season', 'Cool Summer', 'Beach Cover Ups', 'blue sand beach', 'beach creek break', 'Visiting Splashdown Beach', 'Shell Beach', 'Summer Hits', 'Things To Do In Summer']",9.0,True,Promoted Music,11500.0,112.0,14.0,17500000.0,114,"['Good marketing', 'Mega corp dont buy!', 'We need clinical version', 'Is it similar to the native coconut deodorant?', 'So will yâ€™all ever bring back aloe birch water body wash?', 'Marketing team did they homework ğŸ˜‚', 'Is that 1989', 'Yeah Iâ€™ve always wanted to smell like a concrete wall', 'was that ,,, sticks of butter', 'Mmmmm, you smell likeâ€¦deodorant ğŸ˜']"
17,21,https://www.tiktok.com/@/video/7338211769711627562/,thehappyhotelier,thehappyhotelier,â€œwhy are hotels so expensive?â€ğŸ™ƒ ,US,"['scrubbing bubbles on clothes', 'Steaming Clothes', 'Scrubbing Bubbles', 'Travel', 'travel tiktok', 'Towel For Travel', 'Travel Life', 'Luxury Travel']",14.0,,Cha Cha - ZEDDY WILL,75700.0,188.0,1248.0,2100000.0,746,"['Idk why thereâ€™re no napkins or paper towels for when guest spill stuff or need to clean something up thatâ€™s why they end up just using a towel', 'I think itâ€™s mostly because this type of product is expensive and is likely to get stolen. But we do offer black make-up towels for our guests to use ğŸ¥°ğŸ¥°', ""I just spent 300$ to sleep in a bed that isn't mine for a night\nI'm not feeling bad here sis"", 'youâ€™re complaining about the cost of providing paper towels in a room and then complaining about ppl using towels bc thereâ€™s no alternative bffr', 'Girl we will not ever be on the hotels side. A multi million dollar business can deal with dirty towels.', 'This video did not go your way lol', 'Youâ€™re fighting for your life in these comments and no one is on your side ğŸ˜‚ maybe find a different profession', 'cleaning stained towels is just part of the industry', 'There is a differnce between using and ruiningğŸ™ˆ We understand that accidents happen! And a towel or 2 is not a huge dealğŸ¥° but when itâ€™s EVERYTHING in the roomğŸ™ƒ', 'Went to a hotel that included a black hand towel and labeled it for makeup removal and thought it was genius!', 'We offer these as well!!ğŸ¥°', 'Yeah guys donâ€™t use the things in the hotel room they are for decoration. Just air dry and sleep on the floor', 'There is a differnce between using and ruiningğŸ™ˆ thatâ€™s why Airbnb is so great because the guest knows that they will be rated on cleanliness & they typically leave rooms cleaner than averageğŸ˜ğŸ¥°', 'â€œNo rules applyâ€ would the rule be that you canâ€™t use themğŸ¤¨', 'There is a differnce between using and ruiningğŸ™ˆ', 'When hotels insist on only providing white towels ğŸ¥²ğŸ™ƒ', 'I think itâ€™s a stigma with cleanlinessğŸ«§ if itâ€™s white, you know itâ€™s cleanğŸ¥°', 'I am a menstruating woman and sometimes my period comes unexpectedly. At home too. Iâ€™m not purposely staining things cuz I think â€œno rules applyâ€. Get over yourselves', '@Maddie @Em thh I this is why I slept on a towel from home', ""they're towels at a hotel, are we not supposed to use them???? like lmao"", 'Use them yesâ€¦stain them no. Unless you want hotels to cost an arm and leg because they have to replace stained linens after every guestğŸ™ˆ', 'No gloves is crazy ğŸ˜«', 'Working with gloves on is such a waste of time - they CONSTANTLY fall off! And Iâ€™d go through a box a day. But I promise, I wash my hands 1,000x a dailyğŸ’•ğŸ§¼ ğŸ˜', 'With how much hotels charge now I think theyâ€™ll be alright stain treating a couple towels lmao', 'The reason hotels charge so much now is because some people think itâ€™s normal to have a motel waste time & money to pay someone to stain treat ALL the laundryğŸ™ƒ', 'WITH YOUR BARE HANDS ğŸ’€', 'All the towels are white and we have nothing else to clean anything up with.', 'What are you cleaning up in a clean hotel room??ğŸ™ˆ If there are any spills or accidents, just ask the front desk for rags! Believe me we have plenty of themğŸ¥°', 'When I worked hotel laundry we just threw everything in, stained or not. It just got a heavier wash and came out fine', 'Most of our stains donâ€™t come out like thatğŸ™ˆ and being such a small motel with limited machines and space we canâ€™t rewash our stuff with it putting us behindğŸ˜', 'Itâ€™s the cost of running your business', 'There is a differnce between using and ruiningğŸ™ˆ thatâ€™s why Airbnb is so great because the guest knows that they will be rated on cleanliness & they typically leave rooms cleaner than averageğŸ˜ğŸ¥°', 'Unless they are maliciously destroying stuff I think itâ€™s just part of the business. White stains but is easy to clean ğŸ¤·ğŸ¼\u200dâ™€ï¸', 'When itâ€™s 75% / 85% of the laundry in the room you know that someone didnâ€™t give a ğŸ’©', 'Owner fighting for her life in the comments ğŸ˜­', ""I mean, I'm going to use the towels, especially since there aren't paper towels offered. Accidents happen."", 'Price of stay covers your cleaning staff. I came to relax, not worry to leave stuff clean. When you lower my rate for leaving room clean, Iâ€™ll think', 'So in order to relax you need to stain and ruin all the laundry in your room??ğŸ™ƒ', 'What else in the room to clean up messes?', 'If a mess or accident happens, call the front desk and ask for rags!ğŸ¥° I promise we have plenty of them!', 'I assumed hotels used white everything bc yâ€™all just bleached it sorry', 'Not all stains are treatable with bleachğŸ˜ and using too much will wear the material and cause holes and/or a yellow tingeğŸ™ˆ', 'Ummm if im paying 14%-15% taxes for a hotel room you best believe ima use them towels up & Iâ€™ll ask for extra too ğŸ˜‚', 'Those taxes donâ€™t even go to the businessğŸ™ˆ youâ€™re acting like the hotels make up the taxes that they are required to charge and GIVE BACK TO THE GOVERNMENTğŸ™ˆ I do not understand your logic hereâ€¦', 'Meh. This is the cost of doing business. Not every client will stain everything. Stain cleaning and replacements should be a part of your budget.', 'So donâ€™t stay at your hotel. Got it.', 'With how much a hotel room costs these days they should have napkins or paper towels there for guests to use for spills etc.', 'Hotels cost so much partially because we have so spend money on buying new sheets and towels instead of being able to wash them and reuse themğŸ™ˆğŸ™ˆ', 'sometimes people do this so all the sheets get changed for the next person', 'I promise you, we change ALLLL the dirty laundry in the roomsğŸ¥°ğŸ‘ cleanliness is one of my biggest priorities! I also host a lot of family & friends so every room is cleaned to the tip topğŸ’•ğŸ§¼', 'I never understand why hotels use WHITE everything. Like girl Iâ€™ve got kids', 'I think itâ€™s a stigma with cleanlinessğŸ«§ if itâ€™s white, you know itâ€™s cleanğŸ¥°', 'Itâ€™s an amentity. People are going to use it', 'There is a differnce between using and ruiningğŸ™ˆ thatâ€™s why Airbnb is so great because the guest knows that they will be rated on cleanliness & they typically leave rooms cleaner than averageğŸ˜ğŸ¥°', 'womp womp', 'Judging by the replies to comments Iâ€™m not sure if even wanna do business with your company.', ""I'm not sure that your username suits you ğŸ˜‚"", ""this didn't go the way you thought it would, did it? ğŸ¤£"", 'Why is there never any paper towels in hotels tho is the real question ğŸ˜­', 'I think itâ€™s mostly because this type of product is expensive and is likely to get stolen. But we do offer black make-up towels for our guests to use ğŸ¥°ğŸ¥°', 'Complaining about stains on towels and sheets is giving Airbnb host energy.', 'if paper towels are so expensive and likely to get stolen, then wouldnt the same thinking apply to toilet paper...?', 'Surprisingly noğŸ˜ TP is actually much cheaper and gets stolen less frequentlyğŸ˜ but I will say that during COVID our TP was disappearing like wowwewğŸ˜³ğŸ˜…']"
18,37,https://www.tiktok.com/@/video/7339748928306302251/,laurecomedy,LaurÃ©,We Used To Be A Proper Country! ğŸ¦… ,US,"['Home Depot Employee', 'homedepot', 'Home Renovation', 'Home Improvement', 'Home Renovation DIY', 'Home Improvement DIY', 'DIY Renovation', 'Renovation', 'DIY Home', 'Home Renovation Videos']",79.0,,original sound - LaurÃ©,226300.0,19700.0,7668.0,1400000.0,9684,"[""Bad news lady. Worked for Lowe's for years. They ain't paying 45 year olds enough to work there. That's why they get dumb kids."", '45 and served in Vietnam ğŸ˜‚ğŸ˜‚', 'You gotta go to Ace for that kind of expertise now', 'I only want to talk to a Home Depot employee who works there because there wife said â€œfind something to do because you are getting on my nerves hereâ€', 'If he donâ€™t got on Velcro shoes?! SEND ME SOMEONE ELSE', 'seems like no boomers want to work these days ğŸ™„', 'Gene has suspenders that look like a tape measure ğŸ˜', 'Gene also wanted me to bring pictures of my finished project so he could look it over like a proud grandpa!', 'Gene remodeled my kitchen on the back of my receipt.', 'I showed Gene a picture of my broken toilet and he sent me home with the part, tools, written instructions and a hug', 'I was 18 working at a hardware store. I had no business there', 'Thank you for being real ğŸ˜‚', 'this but the home depot lesbians are the exception ğŸ™', 'Girl u ainâ€™t lied. These HD employees see you coming and they turn around n go the other way. Gene would come looking for u. ğŸ˜­', 'THIS IS SERIOUS BECAUSE NAVEAH WAS NOT HELPFUL ON SATURDAY', ""My dad Joe works at Lowes and he is a Vietnam Vet fix it dad. They at Lowes ma'am. ğŸ¥°"", 'This needs to be a Home Depot commercial!!!!', 'More Rob Swanson less Andy Dwyer', 'also, can we bring back the 50+women with the gym teacher haircuts? them ladies were top tier. they call other stores for you. Barb the Builders!', 'I PRAY that Home Depot is still going steady in thirty years cause Iâ€™m gone be in that vest like â€œNOW WHAT YOU NEED ISâ€¦â€', 'Dont forget Gene gonna flirt...""You aint got no man at home to do this?""ğŸ˜‚ğŸ˜‚ğŸ˜‚', 'Hahaha thatâ€™s exactly what he would say']"
19,3,https://www.tiktok.com/@/video/7340001513202289950/,jensbooktok28,booksğŸ€,WHY ITS UNFAIR ,US,"['Surprise Songs Eras Tour', 'invisible taylor swift', 'Taylor Swift Eras Tour Surprise Songs', 'Surprise Songs', ""taylor's version"", 'Surprise Songs Taylor Swift', 'The Eras Tour', 'Eras Tour Taylor Swift', 'Eras Tour', 'Santa Clara Taylor Swift Surprise Song']",6.0,,guys - â˜™ğ¥ğšğœğğ²â§,2842.0,194.0,210.0,34200.0,41,"['We were ROBBED after the monsoon', 'thank youuu im not â€œungratefulâ€ i got to go. I was disappointed( we clowned for long live I had my hopes up)', 'Foxboro night 2 ğŸ«¡ğŸ«¡', 'If u canâ€™t appreciate invisible idk what to tell u', 'after I got it itâ€™s now one of my favorite dongs', 'night 2 soldiers ğŸ«¡ (invisible is my favorite debut song but i thought i was getting long live)', 'FR OMG', 'i miss the rep tour when people were normal about surprise songs and didnâ€™t throw a literal fit over themğŸ’•', 'I wouldâ€™ve been like 9 or 10 lmao but im not throwing a fit I was making my a joke', 'When everyone was convinced we would get long live', 'she played a 3 hour show for you and youâ€™re complaining about surprise songsâ€¦. yâ€™all are not serious', 'womp. womp.', 'okay but maybe be grateful at least u got to goâ€¦', 'yes and meanwhile night 1 Gillette got better man and shouldâ€™ve said no ğŸ˜«', 'EXACTLY BETTER MAN IS IN MY TOP 5 I WAS SO MAD', 'Ik youâ€™re not hating on question like that', 'I would never itâ€™s just not what I wanted at the time but im so greatful Iâ€™ve been the only show to ever hear it live before ğŸ¤—', 'at least be grateful you could go bc getting mad at the surprise songs when taylor plays 44 other songs is just weird bc the surprise songs arenâ€™t meant to be the main emphasis of the show', 'im not mad at my surprise songs im just disappointed by how other shows are getting my favorite songs ex exile haunted ivy wcs and i got ones that arenâ€™t my favorites', 'Not the questionâ€¦? Slander', 'no slander for question just wasnâ€™t what I wanted so I was disappointed', 'as if question isnâ€™t one of the best on midnights..', 'Taylor nation playing with my feelings about my show being the 13th at Gillette and then her not only not playing long live but ADDING TO THE SETLIST', 'How are you going to complain those are both amazing songs???', 'idk hearing invisible live kinda changed my life', 'hearing it live made me love it and k listened to it so much itâ€™s a favorite now', 'At least you went!! ğŸ˜­ğŸ˜­', 'forever thankful ğŸ¥°', 'Gillette N2 literally in the trenches', 'HELP I WANTED INVISIBLE AND QUESTION SO BAD']"
20,40,https://www.tiktok.com/@/video/7338509635202059563/,miryoumadeit,MirYouMadeIt,Cheese cAAaaakee ğŸ˜«ğŸ¤ ,US,"['Strawberry Cheesecake', 'Shrimp Alfredo', 'caseoh singjng', 'caseoh strawberry cheesecake', 'shrimp alfredo jersey remix', 'jersey club', 'shrimp alfredo remix', 'shrimpalfredo caseoh', 'caseoh singing food', 'strawberry cheesecake caseoh edit']",27.0,,original sound - MirYouMadeIt,281000.0,3783.0,2574.0,1800000.0,66285,"['Caseoh has those vocals thoughğŸ˜­ğŸ”¥', 'Ong bro be floatin ğŸ˜‚ğŸ˜‚ğŸ’¯', '1.shrimp aLFrEDo\n2.strawberry cheesecake\n?next strawberry caseohhhhhhhh', 'Strawberry cheesecake sales ğŸ“ˆğŸ“ˆğŸ“ˆğŸ“ˆ', 'ğŸ˜‚ğŸ˜‚ğŸ˜‚ğŸ˜‚ Lmaooo ong', 'Ice Spice<<<<<CaseOh', 'StRawBerRy CheEseCakEğŸ—£ğŸ”¥ğŸ˜©ğŸ°', 'why is Caseoh actually majestic?!?!', 'Caseoh ate this up', 'Send this to caseoh', 'The vocals on caseoh thoğŸ˜­ğŸ’–', 'Someone plz make a CaseOh edit to this!!!!!', 'Seriously ğŸ’¯', 'Someone should show this to Caseoh', 'Sendddd it', 'The soul in this mans voiceğŸ˜­', 'Lmaooo frfrğŸ’¯ğŸ”¥', 'Melody has me doing the stink face and dancing ğŸ˜­', 'I need Caseoh to react to this ğŸ˜­ğŸ¤£ğŸ¤£ğŸ¤£ğŸ¤£', 'StRawBerRy CheEseCakEğŸ—£ğŸ”¥ğŸ˜©ğŸ°', 'This might be my new ringtone ğŸ˜­ğŸ™', 'ğŸ˜‚ğŸ˜‚', 'My lawd wat is that melody ğŸ˜¨ğŸ”¥', 'ğŸ˜«ğŸ˜«ğŸ”¥ğŸ”¥', 'Caseoh is honestly a rlly good singer', 'Maxwell vocals in the back?? ğŸ˜­ğŸ™ Like blacksummersnight in 2009!?', 'you could never go wrong with jersey club remixes', 'Neva Eva evaaa!']"
21,17,https://www.tiktok.com/@/video/7337298562188905760/,taylenasbooks,taylena, ,DE,"['selena gomez', 'Selena Gomez Performing', 'selena gomez singing', 'Selena Gomez Tiktok Videos', 'Selena Gomez Music Videos', 'Iconic Selena Gomez', 'Selena Gomez Video', 'Selena Gomez & The Scene Performing', 'Selena TikTok', 'selena new song']",15.0,,original sound - ğ¤ğšğ­ğğ«ğ¢ğ§ğš,20300.0,32.0,99.0,199500.0,944,"['Selena Gomez and the Scene was iconic', 'Selena Gomez and her bopsâœ¨', 'Slow down, I want you to know, falling down, hit the lights and so many moreeeeeğŸ˜­ğŸ’•ğŸ’•', 'These songs make me want a SG club night soooo bad ğŸ˜­', 'the memories kept rushing backğŸ˜­ğŸ˜­', 'Ikr!!!! I see myself dancing in the club to this bop', 'naturally, my dilemma, round & round, hit the lights, middle of nowhere ğŸ˜ğŸ˜', ""She's the best"", 'Sheâ€™s an icon ğŸ‘Œ', 'Also Wolves', 'undercover is so underrated fr', 'Unrelated but I really love your topâ€¦â™¥ï¸', 'Thank you so much â¤ï¸', ""I'm a big fan of hers forever Selena"", 'im in love with this song and mv â¤ï¸\u200dğŸ”¥ğŸ’‹ğŸ’„ğŸ’ƒğŸ¼', ""sg is my music healing when I'm on sad moments every time when i was teen until now i have my daughter. my daughter love to listen her too."", 'Selena Gomez just know how to make music!! Sheâ€™s pure talented ğŸ˜ğŸ˜ğŸ˜', 'ONE OF MY FAVS', 'i think youre dressing like your venus sign because it does you so good', 'bc itâ€™s stars dance erağŸ”¥', 'yo so ğŸ˜˜cute nice song', 'I want you to knowğŸ˜­', 'This MV went soooo hard']"
22,38,https://www.tiktok.com/@/video/7339426821219405063/,kavyagor_,Kavya ğŸ«¶ğŸ½,Like be fr what do u want me to do about it ğŸ¥² ,AU,"[""you're so tall"", ""you're so short"", 'ur so short', 'Too Short', 'you are short omg i never noticed']",7.0,,original sound - ğŸ’¤,253900.0,2571.0,3349.0,1900000.0,17461,"['""omg you\'re so tall"" i never noticed.', 'â€œOmg youâ€™re so skinnyâ€omg I never noticed', 'but what about being tall, itâ€™s so much worse', 'Imagine being under 6 foot ğŸ’€', 'â€œYour so tallâ€', 'For me itâ€™s â€œur so tallâ€ğŸ˜­ğŸ˜­', '@sarah leeğŸ€ I always give you brand new life chaning information', ""bro I'm 4.11"", 'I wish I was short', '@Fawnà±¨à§ â‹†ï½¡Ëš drink milk and eat vegetables', 'Your so pretty ğŸ’—', '@Edit_zz me', '@Natz Your welcome ğŸ˜Š', 'POV: pick me girls', 'ure so pretty omg', 'Thankyouuu ğŸ¥°', '@shianne_13 no problem ğŸ¤ªâ¤ï¸', 'I like being shortğŸ¥°', 'being short is so cool tbh', 'bro looks like MIA KHALIFA.', '@ğŸ’«ğŸ¥â¤ï¸Luciferâ¤ï¸ğŸ¥ğŸ’« what r u doing reposting this']"
23,43,https://www.tiktok.com/@/video/7339881456052817185/,_liviarodrigo_,liv ğŸ¦‹,a different girl now but thereâ€™s nothing new ğŸ˜­ğŸ’“ğŸ’“,DE,"['Sour Tour', 'olivia rodrigo guts tour', 'olivia rodrigo', 'guts world tour', 'sour tour vs guts tour', 'deja vu olivia rodrigo', 'guts tour outfits', 'sour vs guts tour', 'Olivia Rodrigo Tour', 'Olivia Rodrigo Concert']",6.0,,original sound - liv ğŸ¦‹,134400.0,101.0,148.0,1100000.0,7489,"['I would do anything to go to guts tour', 'Is it just me or are the outfits for sour so much better than guys? The guts are a crop top and shorts, sometimes a shirt and shorts', 'sheâ€™s leaning into the rock star image and i feel like those outfits really resemble the topics of GUTS! ğŸ«¶ğŸ»', 'The way that doesnâ€™t look like her in the first clip', 'Itâ€™s the way she did exactly the same thing both times', 'Iâ€™m sorry but the first one doesnâ€™t look like Olivia', 'But she was way young when sour tour started she just turned 21 so she started acting like adult', 'To me ( I am not a Olivia fan but I like her music )but she just looks different in GUTS than in SOUR', 'she looks so much more confident nowğŸ¥¹', 'god. I would do anything to go back and experience the sour tour', 'the caption is so real ğŸ’œ', 'literally thought the first clip was dua lipa', ""I don't think thats Olivia in the first one"", 'iâ€™m in love with the dress in the first clip', 'I liked the first fit better but I like her now better', 'You can tell sheâ€™s so much more comfortable this time around and I love that for her! ğŸ’œ', 'Pense que era la parte de cruel summer que dice â€œI love you aint that the worst thing you ever heardâ€ ğŸ˜­ğŸ˜­', 'I would die to go to the sour tour.', 'Sour is the loudest.', 'Different fit, different tour, different age. Nothing else is different ğŸ’œ', 'some things never change ğŸ¥²']"
24,14,https://www.tiktok.com/@/video/7339648204318739714/,iiiiita,ita,death by thousand bucks ğŸ’¸ $1249 vs $65  ,SG,"['taylor swift singapore', 'Taylor Swift', 'taylor swift eras tour', 'romeo taylor swift', 'Eras Tour', 'eras tour tickets', 'Taylor Swift Tickets', 'Taylor Swift Concert Tickets', 'taylor swift sydney', 'The Eras Tour']",20.0,,Taylor Songs Mashup - taylro,397900.0,872.0,483.0,3700000.0,12683,"['do you have a good vid of my tears ricochet ?? was sitting a reserve but had obstructed view of that part of the stageğŸ˜­', 'The camera quality is perfection. What camera are you using?', 'do you have the full Archer? please post if you do!', '$1000 is watching taylor, $65 is watching the eras tour', 'nobody can convince me the $65 is better', 'That $1200 ticket was DEFINITELY worth it!!!!! Omgosh! Look how close you were!!!!', 'How did you get 65$ tickets thatâ€™s crazy', 'Restricted view 2 weeks before the show! Not resale', '@bella ;) ours', '@EP ;) the captionğŸ˜­', 'Iâ€™ll take the 65 one please', 'In the states no ticket is under $1600', 'HELP THE CAPTION ğŸ’€ğŸ’€ğŸ’€', 'I personally prefer the cheaper view, you see so much more of the entire show and not just Taylor. like with the lights and crowd and floor screens', 'Both such different experiences ğŸ«¶ğŸ¼', 'Every seat at a Taylor swift concert is a good one :)', 'So cheapppp', 'Not me paying 700 for ur 65 dollar tickets', 'Cost of living crisis and people pay that much for Taylor swift. ğŸ«£', 'well this just proves that there is no bad seat at the eras tour â¤', 'Guys is tickpick good and genuine???', 'I had the same view with that $49 + tax ticket and it was soooo worth it ğŸ¥¹']"
25,22,https://www.tiktok.com/@/video/7340078173763259691/,macc_spam,mac,is this relatable ????,US,"['Getting Pulled Over', 'pull over', 'cars on the road', 'Cars TikTok', 'Car Window Roll Down', 'Madea Pulled Over By Cops', 'track mode pulled over', 'offset pulled over']",5.0,,original sound - ğ‹ğğšğ§ğ§ğ ğ€ğ›ğğšğ¥ğ¥ğšğ¡,153800.0,1620.0,1083.0,998100.0,3413,"['can u pls do a storytime', 'this might be an original experience!ğŸ˜­', 'did u just randomly get placed on earth', 'â€œHi officer ğŸ™‹\u200dâ™€ï¸â€', 'okay but why are cops SO mean when you mess like idk what to do im sorry ğŸ˜­ğŸ˜­ğŸ˜­', 'I donâ€™t know if anyone relates to this one macâ€¦', 'oh whatâ€¦â€¦.', 'all these stories have me in tears lmfaooooğŸ˜­', 'When I first got my license I saw a cop standing on the side of the road with a radar gun and I thought someone was trying to shoot at me so I SPED UP', 'one time i got pulled over for a LICENSE PLATE LIGHT and i got out w my hands UPğŸ˜­ğŸ˜­they were like noo you donâ€™t need to do that', 'Same!!! I got out of car and out my hands up ğŸ˜‚', 'The first time I got pulled over, I got so nervous I handed him my credit card instead of my license ğŸ˜…', 'I did the same thing :( got pulled over for driving w my lights off at night and got out to walk over to him and he screamed so loud ğŸ’”ğŸ˜­', 'I saw a cop on the side of a road w a radar stick but I didnâ€™t know it was a cop atm. I rolled my window down asking if they were okay', 'STOPPPP I DID THIS YEARS AGO HE SAID WHAT R U DOING MISS GET IN THE CAR ğŸ˜­ğŸ˜­ğŸ˜‚ğŸ˜‚ All for him to say my headlight was out â€¦', 'one time i didnâ€™t know how to pay my ticket online so i saw a cop on the side of the highway and drove up to him and stopped and got out to ask', 'I got pulled over for first time and didnâ€™t know you had to leave first so I sat there for awhile till the cop told me I had to leave before he was legally allowed to ğŸ˜­', 'This is a new one', 'ğŸ˜', 'i am literally screaming and crying this is so funny', 'WHY WOULD U THINK THATğŸ˜­ğŸ˜­ğŸ˜­', 'i definitely wouldnâ€™t have survived to tell this story ğŸ¤£']"
26,0,https://www.tiktok.com/@/video/7311502277615947051/,sassyselenaaaa,Selena, ,US,"[""What's A Blinker"", 'how to hit a blinker', 'taking a blinker after every makeup step', 'green out on camera', 'Makeup Tutorial', 'sassyselenaaaa', 'People Doing Makeup', 'makeup looks', 'Doing My Makeup', 'Make Up Transitions']",174.0,,original sound - Selena,1100000.0,3085.0,4654.0,7400000.0,75211,"['Gurl how did u not green out ğŸ˜­', 'girl i take one blinker and i green out ğŸ˜­', 'LMFAOOOO', 'bro didnâ€™t know sassy was chill like this', 'whats a blinker', 'SASSY SOUNDS?!', 'how do yall not know what a blinker is', 'i ainâ€™t kno u was chill like tha', 'the captions being so delayed ğŸ˜­ğŸ˜­', 'ğŸ˜‚ğŸ˜­', 'i would green out after 1 blinker ğŸ˜­ğŸ˜­', 'Yo I didnâ€™t know sassyasmr was down like that', 'Girll i cant even take 5 blinkers i be dyinggğŸ¥²ğŸ¥²', 'SHE SMOKEEEES?', 'HOW ARE YOU GUYS GREENING OUT FROM ONEEEE BLINKERğŸ˜­ğŸ˜­ğŸ˜”ğŸ˜­ğŸ˜­ğŸ˜­ğŸ˜­', 'I still canâ€™t take a blinker ğŸ¥²', 'peeling your lips is so real I have such a bad habit of doing that ğŸ˜­', 'Wait hold up isnâ€™t she the asmr girl or sumğŸ˜­ğŸ˜­', 'How do yâ€™all green from one single blinker??ğŸ¤£', 'um are yâ€™all okay? bc WHYYY yâ€™all be greening out after 1 blinker?? hello??ğŸ˜­ğŸ˜­', 'didnâ€™t know sassy gets down like THATğŸ˜­', 'i be greening out badly from one blinker how do yall do this ğŸ˜­ğŸ˜­', 'U should stop Iâ€™m trying to help u when u r older trust or donâ€™t', 'Ik u high asf girly ğŸ˜­', 'im doing this', 'DONT KNOW U CHILL LIKE DATTTT', 'Rookie numbers me nd @Grey59 take maybe 5 times tha amount on a random Tuesday afternoon ğŸ¥±', 'I love blinkersğŸ’”', 'I green out off of one hit not even a blinker', 'I LOVE THOSE DISPOS LOL', 'Howâ€™d u not green', 'Yo sheâ€™s badğŸ˜­', 'â€œwhy we going so fastâ€ continues to go fastğŸ˜‚ğŸ˜‚ me af', 'how do you guys green out if you take 1 blinker how', 'Is this the girl that does the ASMR', 'BRING IT AROUND TOWN LOLOL', 'ğŸ˜‚ğŸ˜‚ iykyk', ""when i'm off the za my makeup comes out so good idk ab yall"", 'The speed that concealer brush was going ğŸ˜­ğŸ˜­ğŸ˜­ thatâ€™s impressive girl', 'ok but i have that lip peeling problem too ğŸ˜­ğŸ˜­ğŸ˜­']"
27,34,https://www.tiktok.com/@/video/7339399809675087105/,zariamooree,zaria,"melbourne night 1â€¦ cried happy tears for taylor, then not so happy tears ğŸ¤ ",AU,"['melbourne night 1 drama', 'mean swifties', 'Taylor Swift', 'Eras Tour', 'eras tour taylor swift', 'The Eras Tour', 'The Eras Tour Concert By Taylor Swift', 'Taylor Swift The Eras Tour At Melbourne', 'Taylor Swift: The Eras Tour', 'Taylor Eras Tour']",15.0,,original sound - overlays,196100.0,164.0,656.0,3200000.0,3486,"['Just know Taylor would be so disappointed in them. â€” The worst kind of people make you feel bad for being excited about something you love', 'my thoughts exactly i just know she would, so much love for her ğŸ¥º', 'They are not Swifties if they bullied you AT HER CONCERT. You look stunning BTW! ğŸ¥°', 'thankyou so so much! ğŸ¥ºğŸ¥º', ""They aren't Swifties.That's against all the things we stand for.They don't go here&they can't sit with us.I'm so sorry that happened to u.Hope they see this buying a ticket doesn't make u a Swiftie"", 'thankyou darling, ğŸ¥º exactly, honestly these comments are making me feel 1000x better', 'Who hurt you? Kind Swifties unite! Mother would be so disappointed!', 'haha i love this! ğŸ˜‚ğŸ¥º', 'Girl no. True swifties DO NOT tolerate mean girls. We donâ€™t do that here. â¤ï¸', 'What happened?', 'Im not a swiftie but from the videos it looks so fun and everyone is so happy and encouraging. Iâ€™m so sorry thatâ€™s horrible', 'a lot of swifties were nice! but unfortunately i was unlucky to be picked love swifties and tay but was heartbroken that night ğŸ™', 'Unfortunately there are ALOT of toxic swifties', 'waited 19 years to see her in person just for mean 20 year old girls to take that away', 'What happend ? I wish i were there to stand up for you !', 'Wait what happened?', 'i posted a little video ğŸ’“', 'I had the same experience, I was by myself and long story short was screamed at really aggressively by one lady sent me into a panic attack :((', 'i am so sorry hunny i wish i couldâ€™ve been there to help you ğŸ’›ğŸ¥º', 'If I paid $700 for a concert ticket, yk id be staying the whole time', 'awhh thatâ€™s nice! i didnâ€™t spend $700 dollars tho ğŸ˜', 'WHO HURT YOU I WILL YELL AT THEN', 'im so so so so sorry for what happend i cant accept the fact that this happens @Taylor Swift @Taylor Nation give her new tickets:(', 'Plz give this girl a ticket for a different show. Girl youâ€™re beautiful! @Taylor Swift @Taylor Nation', 'oh my goodness you are so beautiful too, i appreciate the support, was so grateful to have got to experience her in the flesh', 'what happened?', 'These stories are horrible â˜¹ï¸', 'I would love to send you a bracelet! Iâ€™m so sorry they ruined it for you ğŸ™', 'we can trade! thankyou, a bit devo, looked forward to it for so long just for mean girls ruin it ğŸ˜â¤ï¸', 'im so sorry for you hope you are okâ¤', 'i will send bracelets across the world for anyone who had a bad experience!!!! no one should go thru that at erasğŸ’›ğŸ’›', 'letâ€™s trade! â˜ºï¸']"
28,18,https://www.tiktok.com/@/video/7339355529048771883/,jackietlatenchi,jackietlatenchi, my second nalga ğŸ¤ğŸ½,US,"['Work Out', 'Gym Workouts', 'gym partners', 'Working Out Videos', 'Gym Fitness Workout', 'Exercise In The Gym', 'fitness workouts', 'Gym Workouts TikTok', 'gym', 'Exercise At Gym']",17.0,,what was I made for? - Instrumental - Wheeler,220300.0,6901.0,1555.0,1300000.0,8909,"['hot take i cannot workout w friends cause i wanna chat the whole time ğŸ˜­ but itâ€™s so cute i wish i could', 'I want a gym bestie ğŸ¥²', '@jessica ğŸ˜œğŸ¥¹', 'i need a gym bestie ğŸ˜¢', '@RileyğŸ’‹ us with our better me', 'The captionğŸ˜­ğŸ˜­', 'I honestly rather workout alone, I get in the zone ğŸ˜Š', 'Crying cause I donâ€™t have one ğŸ˜­', '@Kimberlyâ™¡ï¸ my favvv', '@LaurenEmery i see your repost girlğŸ¤­', '@ğ”ğ”¢ğ”°ğ”° when we workout together ğŸ’', '@Yorshi your my workout bestie', '@ivette <3 SIGN', 'Pls teach me how to use that first machineğŸ™ğŸ½ğŸ˜­', 'Yes the conversations, laughs, and the push to go hard is always needed.ğŸ’“', '@Hailey Ladd love youuuğŸ©·ğŸ©·ğŸ«¶ğŸ¼', '@jazğŸ€ğŸ¤ soooon', 'I talk way to much to take the gym serious with someone I really have to do it alone ğŸ˜…ğŸ˜…', '@Karina literally', '@nibras :) us']"
29,19,https://www.tiktok.com/@/video/7339250445996641568/,mollyyrichardsss,Molly Richards,The STRESSğŸ˜­ ,GB,"['food tiktok', 'just eat', 'Eating Show']",5.0,,i own seth - okayjordanğŸ’«,1500000.0,21800.0,5747.0,8600000.0,75499,"['all that just to only get 5 minutes into it because you finish eatingğŸ˜­', 'so weâ€™re all just living the same life?? ğŸ˜­', 'This is why itâ€™s essential to find something to watch while youâ€™re food is cooking', 'Omg same.. what is the explanation for this!?', 'You gotta plan way ahead on what youâ€™re going to watch, sometimes Iâ€™ll wait to make the food until I know a movie is going to be on, Iâ€™m crazy I know', 'thatâ€™s why i always find a show first then make my food ğŸ˜­', 'AND THEN THERE IS NOOOOTHING GOOD TO WATCHHH ğŸ˜­ğŸ˜­ğŸ˜­ğŸ’”ğŸ’”ğŸ’”', 'And then the food gets cold ğŸ¥²', 'THIS IS BIG FACTS - otherwise the meal dont hitğŸ˜­ğŸ¤£', ""watching ur comfort show for the 10x time cuz u don't have to open for something new or pax attention ğŸ˜"", 'i be gettint so anxious like MY FOOD IS GETTING COLD', '@1of1ğŸ† youuuuuuuu bruh', 'Choufli hall @Molka Bougella770 @O.B.S @eyahammami845 @Khadija', 'our ipad kid time @Kylee Turner', 'Bye cause it really does stress me out ğŸ˜‚', 'I be stressing that my food getting cold ğŸ˜­', 'Bro same but I finish before it even begins ğŸ˜­', '@Larshxx hahaha', 'Omg @ava @evan definitely you both!!!!!!', 'Itâ€™s like corn, once Iâ€™m done Iâ€™m no longer interested']"
30,1,https://www.tiktok.com/@/video/7340116255833066798/,dahniks,Danikaz,a modern snowboard love story ,US,"['love is blind', 'Snowboarding', 'dating', 'Snowboarding Vibes', 'Snowboard Tricks', 'Funny Snowboarding', 'Snowboarding At Night', 'Snowboarding Park', 'Snowboarding Carving', 'Snowboarding Goggles']",25.0,,Original Sound - Unknown,621300.0,12400.0,2490.0,4000000.0,19223,"['we need a series ğŸ˜‚', 'Love is blind: slopes edition', 'Already more chemistry then any couple on Love Is Blind this season', 'I wish I was this BOLD ğŸ˜‚ğŸ˜‚ğŸ‘', 'The way you had no idea what his face looked like ğŸ˜­', 'Girlie you were really just looking for a free sonwboard instructor ğŸ‘ğŸ¼', 'I have to see their face first ğŸ˜­ğŸ˜‚', 'sometimes itâ€™s just fun to meet someone and make a friend too ğŸ¥²', 'Where can I watch the movie', '@Kaz time to go skiing madam', 'â€œHuh? ğŸ¤” Yeah, are you?â€ Took me ğŸ˜‚ğŸ˜‚ğŸ˜‚ because he literally answered her fr fr', 'did they both say ""I\'ll meet you at the bottom!?!"" ğŸ« ', '@Olivia Masonga I need to start doing this coz tinder is a fail ğŸ˜‚ğŸ˜‚ğŸ˜­ğŸ˜­ğŸ˜­', 'Okay but tag us when you get married ğŸ™ˆ', 'can we have the wedding on a cruise?', 'Hey look at that. Two people with HOBBIES enjoying a HOBBY together. Whatâ€™s your hobby?', 'Both no helmets. Match made in heaven', 'But are they ACTUALLY single is the real question ğŸ‘€ I donâ€™t believe any man anymore ğŸ˜…', 'unbelievable rizz on the slopes', 'No helmet is crazy', 'When hinge isnâ€™t hinging.', 'Love is blind IRL']"
31,35,https://www.tiktok.com/@/video/7339772518703664417/,user25_funny,user25_funny,The End ğŸ¤£ğŸ¤£ #funny #funnyvideos #animals #dog #cat #pet #viarl #foryou #fyp (4576),US,"['when she goes to sleep first', 'saxophone solo guy', 'saxophone pokemon', 'Saxophone', 'Playing Saxophone', 'Saxophone Instrument', 'squartle saxophone', 'Saxophone In Tunnel', 'Saxophone Solo', 'Saxophone Covers']",21.0,,original sound  - user25_funny,1800000.0,228900.0,10500.0,20500000.0,169047,"['This is too accurate', 'But then he falls asleep quicker than you ğŸ˜‘ğŸ˜’', 'The fear in his eyes ğŸ˜‚', 'when she goes to sleep WE go to sleep', 'My thing is why men always have they phone up mad loud and they see you sleeping ğŸ˜‚ğŸ˜‚ğŸ˜‚', 'Maybe being single isnâ€™t so bad', '@erm', 'U forgot the side when the bf goes to sleep first all those are exactly opposite, full volume, full brightness, watching it till ur alarm goes off', 'ğŸ˜‚ POV:Your boyfriend sends you this', 'Except he always falls asleep first and I gotta kick him to make him stop snoring ğŸ¤£', '@Munsta_Inc itâ€™s crazy because this is you', '@TacoDraws *angry duckie noises*', 'ğŸ˜‚ğŸ˜‚ğŸ˜‚ğŸ˜‚ğŸ˜‚@IAMPRAISEGOD', '@Chain-X HAHAHAHAHAHAHAHAAHAHHAHA', 'u forgot th last squeak when he has to move his pelvis back cuz shes not in th mood to b ""poked""ğŸ˜‚', 'But when I go to sleep first sheâ€™s up until 3am watching TikTokâ€™s ğŸ¤£', '@Ali Afzal.ğŸª½ğŸ’¥ rules..', 'When I move you move ğŸ«¶ğŸ½', 'Literally me !!! ğŸ˜‚ğŸ˜‚ğŸ˜­', 'HAHAHAHAHAHAHA @iam_mistiquejadeğŸŒ·', 'Cute ğŸ˜‚', '@Daisy just like be usğŸ™„ğŸ™„', 'this could not be any more accurate ğŸ˜‚', 'imagine being controlled like this', 'Accurate and he never does what I want ğŸ˜‚', ""If it happens enough, she'll vent to a friend how she thinks you're losing interest or how you don't initiate anything.ğŸ™ƒ"", ""I don't get it, why can't he stay awake? ğŸ˜­"", 'hehe', 'nope ill put her to sleep 1st then gaaaaaame timeğŸ’ª', ""Thats my hubby lol he demands to be held or he can't sleep"", 'Im such a â€œpick meâ€ Ugh', '@tired', 'And what about it', 'Not gonna lie this is why Iâ€™m not really built for relationships I have a problem with women Iâ€™ve dated being to needy or demanding', 'No fr !ğŸ˜­ğŸ˜­ğŸ˜­', 'I was waiten for another squeak I swear to god', 'Indeed ğŸ¤£ğŸ¤£ğŸ¤£', 'Draining tbh', 'Someday', '@01:04 ğŸ’ğŸ’‹ understand ğŸ˜šğŸ¤£']"
32,23,https://www.tiktok.com/@/video/7339940841642790187/,keelasharee,Keela ğŸ’•,"If youre under 25 now, develop the habits and routine Now! Because when it HIT, its gone HIT. ",US,"['Work Out', 'Exercise Workout', 'Working Out Videos', 'Gym Workouts', 'fitness workouts', 'Exercise In The Gym', 'Work Out Routine', 'Fitness Workout Routine', 'workout at home', 'Work Out From Home']",61.0,,original sound - Keela ğŸ’•,49800.0,1888.0,1094.0,284900.0,6735,"['Honestly Iâ€™ve been doing Pilates at home through YouTube 5 days a week and going to the gym once or twice a week and it changed my whole entire life ! ( (turning 25 next Monday ) lol', 'It started sticking @23 ğŸ˜«', 'Girl itâ€™s been sticking since I was born', 'ğŸ¤£ğŸ¤£ğŸ¤£ Ok but same', 'Yes ! A mixture of gym + pilates is gonna get yâ€™all soo right.', 'It starts sticking at 22!! Get in the gym asap or stay active', 'Iâ€™m 26 and the weight is STICKINGGG like never before ğŸ˜­', 'and healthy eating. itâ€™s great to start those habits EARLY', 'I lost 60 lbs when I was 21 now I canâ€™t lose 10 lbs Iâ€™m 24 ğŸ˜­', 'iâ€™m 27 and the body is NOT losing it like how it used to omgggg', 'I started at 27 last year and im 100 pounds down its all about consistency', 'I never beleived people when they said your metabolism changes and boyyy does it changeğŸ˜­', 'i weigh less at 25 than i did in college , everyone is different', 'Stop discouraging people, you can loose weight at any age. Just work out and eat clean and less. CALORIE DEFICIT!!!!', 'AGREED!! Iâ€™m in the gym struggling ğŸ« ', 'I agree at 25 you need to take your health very seriously but the weight will not stick. I can easily lose weight the key is diet and exercise always', 'Iâ€™m 23 and needed to hear this ğŸ˜©', ""I've been fat my whole life does that still apply to me or...? Bc I never bounced to start with"", 'Yoo and 19 and you all scaring meğŸ˜­', 'I REBUKE this ğŸ˜‚ğŸ˜­']"
33,15,https://www.tiktok.com/@/video/7340335101982575873/,,,,,,,,,,,,,,[]
34,42,https://www.tiktok.com/@/video/7336845692314635566/,ddqqa3,SqueezeBliss,The heart is used to make each one lovelyğŸ¤“ ,US,"['taba squishy', 'squeeze bliss', 'Hamsters', 'squishy hamster', 'taba squishy hamster', 'squeeze', 'squishy with fuzz', 'squishy mochi', 'Squishy Videos', 'Handmade']",15.0,,original sound - SqueezeBliss,1200000.0,20900.0,6873.0,14600000.0,78098,"['â€œsoo howâ€™d you die?â€ i ate a hamster squishy.', 'I bet it tastes like peach', 'Your telling me this isnâ€™t edibleğŸ˜­ğŸ˜­ğŸ˜­', 'Canâ€™t est', 'It probably tastes like vanilla peach and custard', 'it would only take me one bite', '@Anabel :) @julia â€ I wanna squish until it canâ€™t breath', '@Black guy HELP', 'fiberglass coated rubberğŸ˜ğŸ˜‹', 'thatâ€™s han jisung of stray kids', ""WHAT DO YOU MEAN I CAN'T EAT THIS!?!!!??ğŸ˜­"", '@katiee BEBEI', 'Is that thing fiberglass ğŸ˜­ğŸ˜­ğŸ˜­', 'â€œWho ate the powered donutsâ€ ahh hamster', 'I bet it tastes like Mango', 'Wym itâ€™s not edible', '@ava <3 this', ""sobbing rn it's so chte"", 'i thought I could eat them:(', 'Fiber glass hammy', 'what do you mean i cannot eat?!?!']"
35,39,https://www.tiktok.com/@/video/7339950359063842091/,devynrosee,Devynrosee,Took an extra minute but she got itğŸ˜‰ğŸ˜‚ğŸ˜‚ğŸ¥¹ ,US,"['Pregnancy Announcements', 'Pregnant of TikTok', 'baby announcement', 'Pregnancy Announcement Video', 'pregnant life', 'Pregnancy Announcement To Family', ""i'm pregnant surprise announcement"", 'laughing on announcements', 'Pregnancy Reveal', '39 Weeks Pregnant']",22.0,,original sound - Devynrosee,410000.0,2077.0,769.0,1800000.0,13643,"['â€œB Relaxâ€ freaks out in 0.1 seconds ğŸ˜‚', 'DO YOU NOT GET IT?! I dooooooâ˜ºï¸', 'â€œoh did you already knowâ€ lmaooo', 'The Guy In The Back Snapped. Lol', 'â€œI doooâ€ just lyingğŸ¤£ğŸ¤£ğŸ¤£ğŸ¤£', 'She in fact did not get itğŸ˜‚', 'â€œB relax ğŸ˜’â€ â€¦ â€œOMG ğŸ˜²â€', '@leah u core', 'â€œB relax ğŸ‘€â€ ğŸ˜‚', 'ğŸ¤£ğŸ¤£ the guy in the background makes it funnier. Poor phoebe ğŸ˜‚', 'Not a thought going behind those eyes ğŸ˜‚ğŸ˜‚ğŸ’€', 'I feel like she didnâ€™t like read it right the first time ğŸ’€ğŸ˜‚', 'I genuinely wanna know what she was thinking at firstğŸ˜‚â€i doooğŸ˜„â€', 'She definitely interpreted that as â€œrich auntie eraâ€ and she said yes ğŸ˜œ I already know haha', 'I love how the guy was quiet the whole video until the realization ğŸ˜‚ğŸ˜‚ğŸ˜­ğŸ˜­', 'the b relax is killing me ğŸ˜‚ğŸ˜‚ğŸ˜‚', 'Watched it 30+ times now', 'she probably thought like rich auntie ğŸ˜­', 'Like the flip of a switch ğŸ˜‚ğŸ˜­', '@.']"
36,24,https://www.tiktok.com/@/video/7340138245696589098/,kashantisworld,kashantisworld, with ,US,"['grown women weigh', 'Fitness Tiktok', 'Fitness Videos', 'Working Out Videos', 'Fitness Training', 'Weightlifting', 'fitness workouts', 'Fitness Exercises', 'Fitness Tips', 'Fitness Workout Tips']",110.0,,original sound - kashantisworld,256900.0,6000.0,3247.0,2400000.0,34438,[]
37,6,https://www.tiktok.com/@/video/7329932850394893611/,professional.waifu,L A R Ã ğŸ“,umm HELLO??.. like what do i do so it doesnâ€™t happen again??,US,['The Voice Getting Blocked'],20.0,,original sound - L A R Ã ğŸ“,44500.0,800.0,1210.0,731000.0,960,"['Rhis happened to me recently i shit myself bye', 'Side question: what did u tell ur hair stylist for what color u wanted? It looks good!', 'i blocked two people on ig and MONTHS LATER they miraculously viewed my story??? hello??? i absolutely did NOT unblock them so what happened?? ğŸ˜­ğŸ˜­', ""this happened to me last night and it threw me off so bad. they're blocked for a reason!"", 'the notification sparked a fight or flight in meğŸ’€', 'This happened to me on tik tok. I have some creators blocked and their content popped up on my fyp', 'NAUR that should be illegalğŸ˜­', 'Donâ€™t let my ex see this, I thought I knew of every way to block him ğŸ˜­', 'Tell me the other way so I can watch out lol', 'Like when you block someone on your iPhone but once you get into your iPad or MacBooks you get their messages ğŸ˜­', 'I will never forget when that happened to me- practically shxt myselfğŸ˜³', 'Tiktok recommends me contacts even though all those option are OFF', 'I sent something to my friend and, instead it was sent to a chat with my friend and the person I have blocked. How', 'oh..? yea that doesnâ€™t make any sense, maybe the gc came up when you typed the first persons name?', 'girlâ€¦why the same thing happened to me recently I was so confused', 'This is too many people to be a coincidenceğŸ˜³', 'Pro tip, same thing happens in Snapchat, ex was blocked and kept trying to reach out via group chats', 'nooo they need to fix that- thanks for the heads up !!!', 'LITERALLY', 'This just happened to me like BRUHHHH @mia', 'This happened to me but it was my ex & his best friend ğŸ’€ğŸ’€', 'IT WAS MY EX AND HIS BESTIE', 'Bc gcs are an exception ğŸ’€', 'Omg same here!!!!! I didnâ€™t notice at first and the second time quickly unsent IG is trash!!!!', 'THIS HAPPENED TO ME TOO WHAT THE HELL', 'These comments wat.', 'MY EX JUST DID THIS TO ME!!!!!!!!!!!!!!!!', 'praying for you girl', 'Someone blocked me and they were TOP suggested for me sending it to friends today in a gc.. like we havenâ€™t used the gc in years']"
38,32,https://www.tiktok.com/@/video/7339188595246239008/,macchiah,macchiah,o cosÃ¬ o niente eh,IT,"['us in 60 years', 'aging through years', 'us in 60 years 4 people', 'us in 60 years 4 friends', 'Maybe Just Maybe In Another Universe', 'aging filter through the years', 'maybe in another universe', 'us in another universe']",14.0,,Clay Pigeons - Michael Cera,2300000.0,151300.0,46900.0,10700000.0,99389,"['this reminds me of my nana and her friends, she always used to say she was going to meet the girls, even though they were all in their 80s/90s, now thereâ€™s only one of them left :,)', 'me and my sisters ğŸ¤ğŸ½', ""do you know these people, bc filming strangers in public just because they're old is extremely weird ğŸ’€"", 'Friendship is such a beautiful thing â¤ï¸', 'And with you Iâ€™m sure in 60 years our aged skin will be still moisturized', 'My grandma in now at peace with her friends at the big cafe table in the sky with a big plate of pan dulce ğŸ˜Œ', 'maybe in another universe', 'this reminds me of a story my grandma told me the other day.She was out to lunch with a friend and they went around the cafe and found any older person eating alone and invited them over to eat.', '@lauren @syd Aw', 'Song gives â€œitâ€™s called:free fallâ€ vibes', 'Me and @Yonni Uribe and @danielle', '@JadağŸª¼ @Ella Michele someone @ the rest of the lunch table', 'My besties and I still talking about that ONE subject ğŸ˜­', '@ava salvatore @kennedireese if this isnâ€™t us idk what is', ""but i don't think i can live this long tho"", ""@Maddy Aszalos @Brooke holding y'all to this"", '@ğŸ‘©\u200dğŸ¦½ @yulianaHe_21 US FR', '@sarah_palma @AJ us?', '@Annie ğŸª©ğŸ’–ğŸ«§ğŸ˜† @stepharoni I probably wonâ€™t live this long but if I do we are so in', '@user7536805610388 @Leslie Iâ€™m the lady nodding and pointing', '@Jack ğŸ”›ğŸ” @Steevi Gillies @ğ‘³ğ’ğ’–ğ’Šğ’”ğ’† â™¥ï¸ our friend group in 60 years if weâ€™re not dead']"
39,49,https://www.tiktok.com/@/video/7335181724135083296/,bvlash,bvlash,Would you? ,DE,['would you for your child'],63.0,,Everything Reminds Me Of You - Take Care,1400000.0,8896.0,14400.0,10100000.0,58149,"['moms vs mothers', 'im not even a mom & the answer is yes', 'As someone with no kids.... yes.', 'i donâ€™t trust you as a mother if you say no', 'not even a mother but i would kill anyone i love for my baby to be protected.', ""I'm not a mom but I can think of like 3 or 4 ppl off the top of my head I would k*lol for"", 'Why and who?', 'I wouldnt hesitate', 'If you kill someone, who would be there for your kid? Mom instinct yes, truth is a but different', 'To protect them..without a thought.', 'I would kill to protect any child', 'I would kill to protect my nonexistent children and yâ€™allâ€™s children. Idc', 'Oh yeah.', 'some of these moms are absolute jokes to even have that title', 'I donâ€™t even want kids and itâ€™s an immediate yes', 'Not killing for your child is actually so wack', 'Me a dog mom: yes.', 'Iâ€™d give both of my kidneys to my dogğŸ˜‚', ""the answer is always yes. I don't have kids, but I would kill for my animals"", 'If you donâ€™t immediately say yes youâ€™re not a good mom']"
40,28,https://www.tiktok.com/@/video/7339898731564666142/,lolarwaltz,lola,this better go viral ,US,"['elk scream', 'elk', 'walk in fridge', 'testing soundproof freezer', 'testing soundproof', 'elk sound', 'Freezer', 'The Fridge', 'Coffee Barista', 'Coffee Shop']",13.0,,original sound - lola,902300.0,2266.0,1467.0,4700000.0,28916,[]
41,45,https://www.tiktok.com/@/video/7340330875889962286/,madzzz1212,Madz,BYE,US,"['Studying', 'Stem', 'study tok', 'Studying Vlog', 'Studying At Night', 'STEM Education', 'Stem Major', 'Study Obssesion', 'Romanticizing Studying', 'Studying Timelapse']",7.0,,original sound - ğ¸ğ“‚ğ’¾ğ“ğ“,75700.0,850.0,155.0,381500.0,2610,"['ANYTIME ANYTHING CLICKS IN BIOMECHANICS', 'BIOMECHANICS GIRL GOOD LUCKğŸ˜­', 'Me learning the citric acid cycle ğŸ¥²', ""I stg I've learned it 18 times and don't know it"", 'like ik I chose stem but did stem choose me it feels like itâ€™s kicking me out', 'me in chemistry ğŸ˜­', 'Me in ochem', 'Me learning physics every time I think I get it somehow itâ€™s wrong :)', 'synthesis in a nutshell', 'YUP', 'Oh the way this hit home because this is me rn with chem ğŸ˜­', 'me on my calc exam today ğŸ˜­', ""Me I'm calc 2 rn ğŸ˜©"", 'calc 2', '@fernanda physics homework.', 'Functional Groups :(', 'Me with cellular respiration rn', '@Kiki me anytime i thought i was grasping the chem concepts', 'I had a biochemistry midterm on Monday, and the studying I did this past weekend was hell ğŸ« ', '@ceili.odut me in chem', 'loud repost, itâ€™s two days before the test and Iâ€™m LEARNING solution stoich! cause i donâ€™t get them ğŸ˜œ', 'ochem actually making sense and being fun feels surreal', '@á•±â‘…á•± @AshleyğŸ¥° us making up anatomy loreğŸ”¥', 'everytime i think im starting to understand something in calc 2, we move onto a new topic. like girl i need more than 1 lecture to learn somethingğŸ¤§', '@eshal.uddin those wooclap questions', 'I get excited for every other stem class except orgo and possibly biochem.', 'me in microbio', 'me in physics and ochem', 'me during my chem exam', 'me in histology', 'Me in molecular bioğŸ˜£', 'Me with trig integration and substitution', 'this is too relatable', 'CHEM 2', 'me in physics everyday of my life', ""Nah, keep at it. You'll get there!"", 'Me tryna guess an aquariusâ€™ zodiac sign', 'Heat transfer', 'me in cancer bio ğŸ˜­', 'ALL OF MY CLASSES THIS SENESTER ARE LIKE THIS IM LOSING MY SANITY', 'chemical kinetics got me man', 'Physics and A&P fr', '@ê§â˜…Ò»á¥²zá‘²Ñ–á¥’ Ò»á¥†ğ—á¥±á¥£ loverâ˜…ê§‚ me before STEM got removed (that teacher HATED me.)']"
42,12,https://www.tiktok.com/@/video/7338020320818826497/,avidixit10,Avi Dixit,Honestly the best times ,SG,"['she was so mean and so rude original', 'when your mom is yelling at your sibling', 'Siblings', 'me my mom', 'mom chats', 'when your mother yell at your brother', 'mom walking in', 'when mom thinks you and your sibling are fighting', 'i love my mom', 'when your mom is yelling at your brother']",12.0,,original sound - literallylikesoiconic,481300.0,9962.0,2118.0,3600000.0,30287,[]
43,13,https://www.tiktok.com/@/video/7339833960438222126/,icm_triplets,â˜†icm_tripletsâ˜†,Thank you so much for 883k followers ğŸ˜­ğŸ’• weâ€™re happy to see so many of you guys enjoying our videos! (Dc: ,US,"['sturniolo triplets', 'the sturniolo triplets the way i are', 'icm triplets sturniolo triplet', 'the way you are dance', 'timbaland', 'Sturnioloâ€™s', 'The Way I Are Song by Timbaland', 'timbaland beats', 'The Sturniolo Triplet', 'Ari Sturniolo Triplets']",12.0,,dc foginme - Matt,11300000.0,76500.0,35500.0,81400000.0,713821,"['favorite triplets next to the Sturniolo Triplets', 'the slide in was SMOOTH', 'triple threat', 'Smooth operators! ğŸ˜', 'I wish I could be this cool', 'the slide was too clean ğŸ˜­', 'Slaying in sync ğŸ’…', 'so smooth', 'Clean ğŸ˜‚ğŸ”¥ğŸ”¥ğŸ”¥', 'Didnâ€™t just eat, you consumed â¤ï¸', 'Ok but that was SMOOTH ğŸ¤š', 'Remind me everytime you see this ğŸ™ğŸ™‚', 'Thatâ€™s the smoothest thing Iâ€™ve EVER seen ğŸ‘€', 'okay no but imagine if these triplets and the sturniolo triplets all met eachotherğŸ¤­ğŸ¤­', 'the glasses flick was insane', 'THE SLIDE WITH THE SUNGLASS FLICK WAS SO DAMN SMOOTH ğŸ”¥ğŸ˜³ğŸ‘', 'Dunno what I was expecting but I loved all of it! â¤ï¸â¤ï¸Nice job ladies ğŸ‘ğŸ‘', 'Omg the slide with the glasses was smoooth criminal', 'I HAD THE STURNIOLO TRIPLETS UNDER THISğŸ˜­']"
44,44,https://www.tiktok.com/@/video/7340091739841039662/,maryjanefitz,MaryJane, with ,US,"['nara smith makes cereal', 'cereal', 'Cooking Recipes', 'easy recipe', 'Easy Cooking Recipes', 'Recipes Of TikTok', 'Nara Smith Grilled Cheese', 'Simple Recipes', 'Easy TikTok Recipes', 'Cereal Grains']",113.0,,,91200.0,654.0,1139.0,1100000.0,2612,"['Having to wait 5 hours for a grilled cheese is INSANE ğŸ˜­', 'Easiest Meal to make.. but lets make it complicated ğŸ˜‚', 'Someone said her kids need to send a formal request 3 to 5 business days in advance ğŸ˜­ğŸ˜­ğŸ˜­', 'And then I melted down some aluminum and metals,poured it into a mold and made my own pan to be able to cook the sandwiches', 'Wonder how long it takes for her to cook a actual meal ğŸ’€ ik spaghetti night is HELL', 'we laugh but i bet it tastes amazing', ""you can tell thats not her natural voice lol she's trying so hard to sound like that lol"", 'Ok but this is impressive that everything is made from scratch', 'WTH thatâ€™s wayyyy to much for this southern girl lmao', 'the kids absolutely did not devour that', 'listen. make your bread and cheese from scratch. whatever. do you. but your kids DO NOT love pesto. be so fr', 'You should see the one where she made cereal', 'Is anyone gonna talk about how she spent hours making her own cheese but then used pre bought shredded cheese for the pesto???', 'The kids are SO HUNGRY', 'Yeah they devoured it they were waiting for hours for itğŸ˜­', 'By the time she finished, it was time for breakfast the next day! ğŸ¤£ğŸ¤£ğŸ¤£', 'But imagine growing up & being able to boast about how your mother made everything from scratch. ğŸ‘ğŸ¥°', 'Sheâ€™s so dopeğŸ‘i would love to be able to cook like thisâ¤ï¸', 'I hope they asked for grilled cheese for lunch the day before ğŸ¥²', 'Mom im not hungry anymore', '""then my kids asked for chicken nuggets so i went outside and killed a wild chicken""']"
45,29,https://www.tiktok.com/@/video/7337121246884384046/,bekahmull,bekaahh,,US,"['Jessica Day', 'Anna Kendrick', 'One Day Movie', 'stand up comedy', 'one day', 'anna kendrick lookalike', 'Jess Day New Girl', 'jessica', 'Jess Guessing Number', 'jimmy meets jessica']",35.0,,original sound - bekaahh,420800.0,9700.0,1798.0,2800000.0,15745,"['You give me Anna Kendrick vibes I love it', 'Is this Jess day', 'â€œyou better not be hanging out without meâ€ ğŸ˜­', 'Jessica day', 'Very painful watch thank you', 'â€œAaughâ€ ğŸ˜­ i felt that', 'Millennial-Core', 'nooo say you donâ€™t mean it iâ€™m gonna be sick', 'you need to do stand up', 'My daughter is 7 and sheâ€™s on her way', 'u remind me of both jim carrey and michael scott', 'Jim carey as a girlğŸ˜­', '@Nevaeh Ritterbeck @Reese Knowles @paige pendergrass', 'The arm took me completely OUT', '@Colton Madigan @@katelyn', 'â€œIâ€™m flexing ğŸ˜€â€', 'Millenial core', 'â€œtheyâ€™re my only friends .. ahhâ€', 'this whole video reeks of millennial.', 'youâ€™re genuinely the funniest person ever', '@Ciaralynn @Haileigh Kapke Haileigh ğŸ˜‚ğŸ˜‚ğŸ˜‚ğŸ˜‚ğŸ˜‚']"
46,48,https://www.tiktok.com/@/video/7334091294052093230/,gracevanhoutte,gracevanhoutte,,US,"['gym', 'gym workout', 'Gym Videos', 'gym fitness', 'Gym Tiktok', 'Exercise In The Gym', 'Gym Fitness Workout', 'Gym Training', 'Gym Day', 'Gym Time']",5.0,,son original - clips_animes,67600.0,1273.0,387.0,612400.0,718,"[""it's 135 ğŸ˜­ğŸ˜­ğŸ™"", ""what's the reason for why some people arch their backs when lifting?"", 'big ahh arch for 135', 'Just got to 95!! ğŸ˜ˆ', 'Congrats!! Keep up the work!!', 'Guys her form is fine', 'Do I see that right 225?', 'What is your form', 'Mass moves mass', 'Do it with no arch', 'I bench 55lb on a good dayğŸ’”', '200 plus arch and experience 135 is not that hard bro ğŸ˜­', '@sleepy_girl24 @Abby Spencer usğŸ˜‚', 'Bruh allat for 135 is wild', 'Thatâ€™s it?', 'i miss my dryland buddy', ""that's 135ğŸ’€"", '@Emma ğŸ˜˜ is this you', 'WHAT IS THAT FORM ğŸ˜­ğŸ™', '@em when you go to sdsu', 'Alright you didnâ€™t need to show the whole world', '@.', 'i saw this and was like â€œomg that gym looks so familiar huhâ€', 'Hahaha I wonder whyyyyyy muscle mommy', 'In all fairness youâ€™re the only one benching with proper power lift form, theyâ€™re flat backing', ""There was a point where I couldn't even bench the bar. Never give up and you'll be suprised at the weights you can bench"", 'At 150lb bench 118-121 pounds 14 is that good', '@Autumn can we make', '@Emma u guys', 'I just hit a plate this week!!', 'Good job!!', 'good form good form FORM THAT HORRIFIES ME WHY DO PEOPLE DO THAT TO THEIR SPINE', 'Where are the pink shorts from??', 'Lulu align', 'Theres a difference between a small arch to protect ur shoulders and a big arch so u can shorten ur ROM and ego lift', 'donâ€™t neee to flex on everyone (literally) ğŸ˜’ğŸ˜’ğŸ˜’ğŸ˜’', 'damn the first oneâ€™s kinda cute', '@kayla when we go with @user8629618268575', '@nat @@reagsâ¤ï¸\u200dğŸ”¥ us when we go to the gym', '@mads @@cara dream team', 'Iâ€™m the strong one in my friend group and the weak one out of my 8 brothers', 'YOU ARE AMAZING', '@Rosa Perez @@wowâ€¦.. the day we all go is the day my one dream comes true ğŸ¥¹', 'This is real']"
47,7,https://www.tiktok.com/@/video/7339351718947327274/,anna_banannaaaaa,Anna ğŸŒ Banana,,US,"['top loading dryer', 'clothes dryers', 'top loader washing machine', 'Washing Machines', 'Washing And Drying Machine', 'clothes drying rack', 'front load washer', 'Dryer Balls', 'Foldable Washing Machine With Dryer', 'washer dryer combo']",6.0,,sunet original - Victor drx99,908300.0,33000.0,3450.0,5400000.0,32786,"['i grab as much as i can w both hands and granny bowl it into the dryer', 'ğŸ˜‚Right', 'Bruh finding a top loading dryer is IMPOSSIBLE', 'Only the elite ğŸ˜‚', 'Same but the door to the dryer is on the other side so it gets in my damn way ğŸ˜­', '@.', '@Jennifer ğŸ’™ @Adriana @Yari', 'OngğŸ˜­', 'WHY SHE SO AGGRESIVE ğŸ˜‚ğŸ˜‚ğŸ˜‚ğŸ˜‚ğŸ˜‚â€¼ï¸â€¼ï¸', ""reposting this even though i haven't done my own laundry in 2 years âœŒï¸"", 'be loading the dryer like Sheldon', 'Literally me every single time ğŸ˜‚ğŸ˜‚ğŸ˜‚', 'Thatâ€™s the only way to load the dryer ğŸ’¥ğŸ’¥ğŸ’¥', 'Top washers are better!!', '@â˜… BYEEEEE I DO THISğŸ˜­', 'I do this at work ğŸ¤£', 'And water gets everywhere', 'ğŸ˜¤', 'the way that I screamed ğŸ˜‚ğŸ˜‚ğŸ˜‚ğŸ˜‚', 'My least favorite movement', 'LITERALLY', 'so fun when heavily pregnant too', 'doesnâ€™t help that iâ€™m short tooâ€¦ LIKE WHY AM I CLIMBING INTO THE WASHING MACHINE', 'ğŸ˜­ğŸ˜­', 'I have never had an original thought in my life', 'back be on FIRE', 'ğŸ™„ğŸ™„ğŸ™„', 'Yes bro', 'The aggressive throws ğŸ˜­ğŸ˜­ğŸ˜­', 'Lol who knew', 'So accurate ğŸ˜­ğŸ˜­', 'no fr', '@Nae NaeğŸ’•ğŸ˜®\u200dğŸ’¨', 'Literally same @Allison Caldwell', 'yall out here doxxing my APPLIANCE COMBOS??', 'ğŸ˜‚ğŸ˜‚Yup got one of those', '@ğŸ§\u200dâ™€ï¸.', 'OmdsğŸ˜­ğŸ˜­my life rn', 'felt this omg.', '@kevin.melone', 'used too', 'ğŸ˜‚ğŸ˜‚ğŸ˜‚Just did this today.', 'I have a bottom loading washer and a top loading dryer', '@bradyjetmore3fishing07']"
48,33,https://www.tiktok.com/@/video/7340344795400785194/,chrishoban,chris hoban,i love this song so bad ,US,"['love on selena gomez', 'steak tartare', 'Selena Gomez', 'steak tartare selena', 'love on', 'Selena Gomez New Song', 'love on selena gomez steak tartare', 'love on selena gomez lyrics', 'steak tartare selena gomez', 'selena gomez singing']",15.0,,love on sped up version by selena gomez - smgaudios,129700.0,303.0,601.0,1400000.0,4010,"['it only sounds good sped up like this ğŸ˜­', 'When you google â€what rhymes with steak tartareâ€œ?', 'ppl hating this song just dont like fun like okay indie girl', 'How much is she paying you for this', 'all those words fit the standard rhyme scheme, hope this helps ğŸ’œ', 'btw, i wasnâ€™t paid to post this lmfaoâ€¦ i wish. idk why yall are being miserable and canâ€™t enjoy funğŸ’€', 'yes our zionist queen is so smart!! ğŸ¥°ğŸ¥°ğŸ«¶', 'free palestine ğŸ‡µğŸ‡¸', 'Selena Gomez +15 other hit makers', ""Did the Selena PR team pay to make these tiktoks about her new song? It's so obvious to me because nobody actually knows about her new song. ğŸ’€"", 'U mean julia Michaels', 'So just a normal rhyme? ğŸ˜­', 'â€œOmg imagine rhyming bee with key, me and Phillyâ€', 'Woah she rhymed things that rhyme together?!', 'Do you guys have really low standards for music? Iâ€™m genuinely asking', 'you have to be joking', 'ITS TOO CATCHY ğŸ˜­ğŸ˜­', 'selena is a mean girl lets not forget about that', 'this is def paid advert because its not a gag AT ALL, an obvious force hype ğŸ˜©', 'Something a 6th grader could do ğŸ˜­', 'Is this like some sort of paid advertising because Iâ€™ve seen multiple videos talking abt â€œsteak tartareâ€ which is super not clever and cmon itâ€™s not a great song she has GREAT songs, itâ€™s not this one', 'THE BEAT DROPPING HALFWAY THRU THE SENTENCE IS SO HOT', 'So many hating for no reason ğŸ˜­', 'Why yâ€™all try so hard to hate ğŸ’€', 'did you mean julia michaels?', 'bunch of haters omg', 'if selena has no fans im dead ğŸ™ğŸ¼', 'pinooooooitttt NOIRRRRRR', 'Yâ€™all are absolutely ridiculous. Youâ€™ll just go on any follow hate train. Donâ€™t you have a mind of your own? Selena stays slaying âœ¨', 'All the haters in the comments have nothing better to do', 'people switch up so fast on celebs.', 'no zionist apologists or girlfriends to boys who commit racist microaggressions ğŸ¥±', 'I just find love on is funny because of ""steak tartare"" but still gonna LUV IT ğŸ¥µğŸ˜­â¤ï¸â¤ï¸ğŸ˜©ğŸ¥µğŸ’•', 'It sounds a lot like feather by sabrina carpenter', 'Not really', 'We can make a memoir is so random', 'It reminds me of tidasâ€™ song on Unbreakable Kimmy Schmidt. I think it was called Pinot Noir', 'She didnâ€™t rhyme it though now did she? Whoever wrote the lyrics and composed it all together didnâ€™t.', 'itâ€™s giving carly rae jepsen', 'idk if this is brain rot take but tbh it shouldâ€™ve been this fast in the first place idkâ€¦']"
49,25,https://www.tiktok.com/@/video/7335937516123475231/,dmotta3,Danny Motta, ,US,"['Gods Of Egypt', 'Dracula Untold', 'madame web', 'Power Rangers 2017', 'lost in space', 'spider-man', 'mcu', 'Spider-Man Movie', 'Spiderman Scene', 'MCU Movies']",70.0,,original sound - Danny Motta,152000.0,1805.0,2673.0,1900000.0,8516,"['Not gonna lie I liked Dracula Untold', 'dracula untold was a dope movie tbh', 'thank you. 2017 POWER RANGERS WAS SO FUN', 'Nahh Dracula Untold was ğŸ”¥', 'Oh sheâ€™s a ghost writer', 'hey.. I like dracula untold', 'Dracula untold and the last witch hunter are solid flicks', ""gods of Egypt wasn't bad tho"", 'morbius was fire wym', 'But but. Dracula Untold was so good :(((', 'MORBIUS WAS A GOOD MOVIE ğŸ’¯', 'Hold up, the slander on Dracula Untold was wild', 'see i actually kinda liked Dracula untold', 'Dracula Untold was under rated', 'Hold up, Dracula untold was good, he had one W', 'Matt Sazama and Burk sharpless carefully experimenting to make the worst movies of all time', 'Ngl I like Dracula Untold & The Last Witch Hunter', 'lost in space was great but hard to follow', 'Who called Dracula untold terrible I took offense']"
