,abstract,lead_paragraph,headline,pub_date,document_type,section_name,type_of_material,keywords
0,A Cetaphil commercial showed a father and daughter connecting over football and the music superstar. But a social media influencer said the idea was stolen from her.,"When an advertisement for Cetaphil lotion was released online days before the Super Bowl, it drew rave reviews for a narrative that evoked a familiar story for parents, football fans and followers of Taylor Swift.","Ad Nods to Taylor Swift and Football, Drawing Cheers and Criticism",2024-02-12T00:30:32+0000,article,Business Day,News,"Advertising and Marketing;Super Bowl;Cosmetics and Toiletries;Swift, Taylor;Kelce, Travis;Social Media;TikTok (ByteDance)"
1,Taylor Swift and Travis Kelce have been the subject of right-wing conspiracy theories for months.,"Extending a weekslong right-wing meltdown over Taylor Swift’s political preferences, former President Donald J. Trump declared on Sunday that it would be “disloyal” for Ms. Swift to endorse President Biden for re-election, given that Mr. Trump signed legislation that made it easier for artists to collect royalties when their songs are streamed.",Trump Says It Would Be ‘Disloyal’ for Taylor Swift to Endorse Biden,2024-02-12T00:32:24+0000,article,U.S.,News,"Advertising and Marketing;Super Bowl;Cosmetics and Toiletries;Swift, Taylor;Kelce, Travis;Social Media;TikTok (ByteDance)"
2,"In a halftime set that touched on more than a dozen songs, the R&B star delivered a raucous Atlanta party and a lesson in intimate showmanship.","A few minutes into Usher’s dynamic and sly Super Bowl LVIII halftime show performance Sunday night at Allegiant Stadium in Las Vegas came a moment of uncommon, almost startling calm.",Usher Brings Precise Details to Pop’s Biggest Stage: The Super Bowl,2024-02-12T02:14:00+0000,article,Arts,Review,"Advertising and Marketing;Super Bowl;Cosmetics and Toiletries;Swift, Taylor;Kelce, Travis;Social Media;TikTok (ByteDance)"
3,"The pop superstar used a Verizon ad to tell fans fresh music is on the way. A country-themed follow-up to “Renaissance,” which she referred to as “Act II,” will arrive on March 29.","After days of speculation and online sleuthing by fans — just another week, in other words — Beyoncé used her appearance in a Super Bowl commercial on Sunday to announce that she would soon be releasing new music.",Beyoncé Announces New Album in Super Bowl Commercial,2024-02-12T02:41:56+0000,article,Arts,News,"Advertising and Marketing;Super Bowl;Cosmetics and Toiletries;Swift, Taylor;Kelce, Travis;Social Media;TikTok (ByteDance)"
4,"William Albert Haynes Jr., 70, went by “Billy Jack” in the 1980s during his time in the World Wrestling Federation.","William Albert “Billy Jack” Haynes Jr., who in the 1980s competed in the World Wrestling Federation, was arrested in the killing of his wife at a home in Portland, Ore., on Thursday after a standoff with police.",Former W.W.F. Wrestler Arrested in Wife’s Murder,2024-02-12T03:10:32+0000,article,Arts,News,"Advertising and Marketing;Super Bowl;Cosmetics and Toiletries;Swift, Taylor;Kelce, Travis;Social Media;TikTok (ByteDance)"
5,"Mr. Kennedy had faced blowback over a $7 million ad run by his super PAC that closely resembled a spot supporting his uncle, John F. Kennedy, in his 1960 bid for the White House.","Robert F. Kennedy Jr. apologized on Sunday night after a well-funded super PAC backing his independent presidential campaign ran an ad during the Super Bowl that closely resembled a spot supporting John F. Kennedy, his uncle, during his 1960 bid for the White House.",R.F.K. Jr. Apologizes to His Family for an Allied Group’s Super Bowl Ad,2024-02-12T03:25:59+0000,article,U.S.,News,"Advertising and Marketing;Super Bowl;Cosmetics and Toiletries;Swift, Taylor;Kelce, Travis;Social Media;TikTok (ByteDance)"
6,"Fernando Simon Marman, 60, and Louis Har, 70, were in good condition and were undergoing tests at a Tel Aviv hospital, the Israeli authorities said.","Israeli security forces said early Monday that they had freed two hostages who were being held in the southern Gazan city of Rafah, in only the second known rescue of its kind in Gaza since the start of the war. Officials in Gaza said that accompanying Israeli strikes had killed dozens of Palestinians in the city overnight.",What to Know About the 2 Hostages Israel Rescued From Rafah,2024-02-12T04:49:12+0000,article,World,News,"Advertising and Marketing;Super Bowl;Cosmetics and Toiletries;Swift, Taylor;Kelce, Travis;Social Media;TikTok (ByteDance)"
7,"Defending Donald Trump or deflecting his statements, some top G.O.P. officials reflected the trajectory of a party that the former president has largely bent to his will.","After Donald J. Trump suggested he had threatened to encourage Russia to attack “delinquent” NATO allies, the response among many Republican officials has struck three themes — expressions of support, gaze aversion or even cheerful indifference.","G.O.P. Officials, Once Critical, Stand by Trump After NATO Comments",2024-02-12T05:01:54+0000,article,U.S.,News,"Advertising and Marketing;Super Bowl;Cosmetics and Toiletries;Swift, Taylor;Kelce, Travis;Social Media;TikTok (ByteDance)"
8,"Climate change is amplifying wildfires, and more smoke means higher risk of heart and lung disease from inhaling tiny particles that can drift far and wide, researchers said.","More than 125 million Americans will be exposed to unhealthy levels of air pollution by the middle of the century, largely because of increased smoke from wildfires, according to estimates released on Monday.","Wildfire Smoke Will Worsen, New Study Shows, and Protections Are Few",2024-02-12T05:01:56+0000,article,Climate,News,"Advertising and Marketing;Super Bowl;Cosmetics and Toiletries;Swift, Taylor;Kelce, Travis;Social Media;TikTok (ByteDance)"
9,"The leading Chinese electric vehicle company, with origins as a battery maker, has posted two years of million-car growth in sales.",China’s BYD was a battery manufacturer trying its hand at building cars when it showed off its newest model in 2007. American executives at the Guangzhou auto show gaped at the car’s uneven purple paint job and the poor fit of its doors.,"How China Built BYD, Its Tesla Killer",2024-02-12T05:01:59+0000,article,Business Day,News,"Advertising and Marketing;Super Bowl;Cosmetics and Toiletries;Swift, Taylor;Kelce, Travis;Social Media;TikTok (ByteDance)"
10,"No corrections appeared in print on Monday, Feb. 12, 2024.","Errors are corrected during the press run whenever possible, so some errors noted here may not have appeared in all editions.","No Corrections: Feb. 12, 2024",2024-02-12T05:29:57+0000,article,Corrections,News,"Advertising and Marketing;Super Bowl;Cosmetics and Toiletries;Swift, Taylor;Kelce, Travis;Social Media;TikTok (ByteDance)"
11,"More than 100 million people are expected to vote. The country is a vibrant democracy, but some fear it risks sliding back toward a dark past.",The numbers are staggering.,What to Know About Indonesia’s Election,2024-02-12T05:31:20+0000,article,World,News,"Advertising and Marketing;Super Bowl;Cosmetics and Toiletries;Swift, Taylor;Kelce, Travis;Social Media;TikTok (ByteDance)"
12,"Quotation of the Day for Monday, February 12, 2024.",“We are all in a war for people’s time.”,Quotation of the Day: A New Strategy: Wooing the Influencers,2024-02-12T05:31:53+0000,article,Corrections,Quote,"Advertising and Marketing;Super Bowl;Cosmetics and Toiletries;Swift, Taylor;Kelce, Travis;Social Media;TikTok (ByteDance)"
13,Trump’s anti-NATO outburst.,"Donald Trump said over the weekend that, while president, he told NATO allies that he would “encourage” Russia to do “whatever the hell they want” to countries that had not paid the money he claimed they owed to the military alliance.",Monday Briefing,2024-02-12T05:52:04+0000,article,Briefing,briefing,"Advertising and Marketing;Super Bowl;Cosmetics and Toiletries;Swift, Taylor;Kelce, Travis;Social Media;TikTok (ByteDance)"
14,"A tainted former general could win the Indonesian presidency, in a setback for the country’s democratic experiment.",Indonesia’s transformation into a stable democracy over the past quarter-century was as improbable as it was remarkable.,The Sun Is Setting on Indonesia’s Democratic Era,2024-02-12T06:00:17+0000,article,Opinion,Op-Ed,"Advertising and Marketing;Super Bowl;Cosmetics and Toiletries;Swift, Taylor;Kelce, Travis;Social Media;TikTok (ByteDance)"
15,"The fourth season, with Jodie Foster, Kali Reis and a touch of the supernatural, wraps up. TCM airs a classic romance.","With network, cable and streaming, the modern television landscape is a vast one. Here are some of the shows, specials and movies coming to TV this week, Feb. 12-18. Details and times are subject to change.",What’s on TV This Week: ‘True Detective: Night Country’ and ‘Doctor Zhivago’,2024-02-12T06:00:21+0000,article,Arts,News,"Advertising and Marketing;Super Bowl;Cosmetics and Toiletries;Swift, Taylor;Kelce, Travis;Social Media;TikTok (ByteDance)"
16,"Archaeologists working in Saqqara recently unearthed three funerary masks at least 1,800 years old.",,Death Masks from Ancient Egypt Find an Afterlife,2024-02-12T06:00:23+0000,article,Science,News,"Advertising and Marketing;Super Bowl;Cosmetics and Toiletries;Swift, Taylor;Kelce, Travis;Social Media;TikTok (ByteDance)"
17,This word has appeared in 223 articles on NYTimes.com in the past year. Can you use it in a sentence?,"The word adept has appeared in 223 articles on NYTimes.com in the past year, including on Jan. 17 in “It’s Probably Time to Clean Your Water Bottle” by Knvul Sheikh:",Word of the Day: adept,2024-02-12T07:00:02+0000,article,The Learning Network,News,"Advertising and Marketing;Super Bowl;Cosmetics and Toiletries;Swift, Taylor;Kelce, Travis;Social Media;TikTok (ByteDance)"
18,"King Abdullah, who had his first face-to-face conversation with President Biden since the Gaza war began, said an Israeli invasion of the city was “certain to produce another humanitarian catastrophe.”",President Biden said on Monday that Israel should not proceed with a major ground offensive in the southern Gaza city of Rafah without a “credible plan” to protect more than one million people who are sheltering there.,Biden and Jordan’s King Call on Israel to Protect Palestinians in Rafah,2024-02-12T07:00:33+0000,article,World,News,"Advertising and Marketing;Super Bowl;Cosmetics and Toiletries;Swift, Taylor;Kelce, Travis;Social Media;TikTok (ByteDance)"
19,In case you need some puzzle help.,"Welcome to The Wordle Review. Be warned: This page contains spoilers for today’s puzzle. Solve Wordle first, or scroll at your own risk.",Today’s Wordle Review,2024-02-12T08:00:02+0000,article,Crosswords & Games,News,"Advertising and Marketing;Super Bowl;Cosmetics and Toiletries;Swift, Taylor;Kelce, Travis;Social Media;TikTok (ByteDance)"
20,In case you need some puzzle help.,"Good morning, dear connectors. Welcome to today’s Connections forum, where you can give and receive puzzle — and emotional — support.",The Connections Companion,2024-02-12T08:00:03+0000,article,Crosswords & Games,News,"Advertising and Marketing;Super Bowl;Cosmetics and Toiletries;Swift, Taylor;Kelce, Travis;Social Media;TikTok (ByteDance)"
21,Feeling stuck on today’s puzzle? We can help.,"Hi busy bees! Welcome to today’s Spelling Bee forum. There are a number of terms that appear in both this article and other online discussions of the Spelling Bee; a glossary of those terms compiled by Monicat, a Times reader, can be found below.",Spelling Bee Forum,2024-02-12T08:00:03+0000,article,Crosswords & Games,News,"Advertising and Marketing;Super Bowl;Cosmetics and Toiletries;Swift, Taylor;Kelce, Travis;Social Media;TikTok (ByteDance)"
22,"The playwright Lucas Hnath has been making magic with the sound of speech. Now he’s directing a play by Mona Pirnot, his wife, in which a computer speaks her words.","In the darkest moments of a family tragedy, when the playwright Mona Pirnot couldn’t find the strength to verbalize her feelings to her boyfriend or her therapist, she tried something a little unorthodox: She typed her thoughts into her laptop, and prompted a text-to-speech program to voice them aloud.",When the Voice You Hear Is Not the Actor You See,2024-02-12T08:00:28+0000,article,Theater,News,"Advertising and Marketing;Super Bowl;Cosmetics and Toiletries;Swift, Taylor;Kelce, Travis;Social Media;TikTok (ByteDance)"
23,"After decades in decline, Republicans have resurrected their old-school machine in the New York suburbs. They will be tested in a special House election on Tuesday.",It was the biggest event of Mazi Pilip’s campaign in a must-win special House election in New York. The No. 3 House Republican had flown in. A half-dozen congressmen led a crowd in chants of “Mazi! Mazi!”,"In the Land of George Santos, Machine Politics Fuels a G.O.P. Revival",2024-02-12T08:00:28+0000,article,New York,News,"Advertising and Marketing;Super Bowl;Cosmetics and Toiletries;Swift, Taylor;Kelce, Travis;Social Media;TikTok (ByteDance)"
24,"The artist’s longtime gallerist, Arne Glimcher, has organized an exhibition of the artist’s final portraits at Pace, opening Feb. 22.","Ever since Chuck Close was accused of sexual harassment in 2017, the painter — who died four years later — has largely been sidelined by the art world, with his work rarely appearing in solo museum and gallery shows.",Gallery Shows Last Works by Chuck Close. Will it Repair a Reputation?,2024-02-12T08:00:38+0000,article,Arts,News,"Advertising and Marketing;Super Bowl;Cosmetics and Toiletries;Swift, Taylor;Kelce, Travis;Social Media;TikTok (ByteDance)"
25,A tire shop parking lot has become a popular destination for those craving the beloved treat. The only problem: Which variety to choose?,"Of course Mardi Gras is about boundless revelry: the weeks of balls and the parades that shower the streets of New Orleans with beads. But beneath all that, it is also a period of metamorphosis.",It’s Mardi Gras. Welcome to The King Cake Drive-Thru.,2024-02-12T08:00:38+0000,article,U.S.,News,"Advertising and Marketing;Super Bowl;Cosmetics and Toiletries;Swift, Taylor;Kelce, Travis;Social Media;TikTok (ByteDance)"
26,Donald Trump faces a ruling in a civil fraud case that could drain his cash coffers. He may also receive a court date for what would be the first criminal trial of a former U.S. president.,"In two courthouses, two blocks apart, two New York judges could well ruin Donald J. Trump’s week.",Two Cases. Two Judges. One High-Stakes Week for Trump.,2024-02-12T08:00:55+0000,article,New York,News,"Advertising and Marketing;Super Bowl;Cosmetics and Toiletries;Swift, Taylor;Kelce, Travis;Social Media;TikTok (ByteDance)"
27,"Eleven-year-old Dareen al-Bayaa lost dozens of her family members in a single airstrike in Gaza. She is one of at least 17,000 children across the territory who have been orphaned or separated from their parents.","Eleven-year-old Dareen al-Bayaa lost dozens of her family members in a single airstrike in Gaza. She is one of at least 17,000 children across the territory who have been orphaned or separated from their parents.",She Survived an Airstrike That Killed Her Entire Family in Gaza,2024-02-12T10:00:09+0000,multimedia,World,Video,"Advertising and Marketing;Super Bowl;Cosmetics and Toiletries;Swift, Taylor;Kelce, Travis;Social Media;TikTok (ByteDance)"
28,"Drinks out are out, dinner in is in. We spoke to three pairs who made the risky choice of sharing a kitchen table with a stranger.","Food and love go hand in hand. For Valentine’s Day, we’re exploring this fiery connection in all stages of a relationship, from a first date to living together to breaking up.",Should You Ever Cook Dinner on a First Date?,2024-02-12T10:00:15+0000,article,Food,News,"Advertising and Marketing;Super Bowl;Cosmetics and Toiletries;Swift, Taylor;Kelce, Travis;Social Media;TikTok (ByteDance)"
29,"Daniella Kallmeyer is happy to tell you why clothes have a different feeling when a woman designs them, no matter who wears them.",Daniella Kallmeyer has been putting women in suits since the debut of her Kallmeyer label in 2012. It has taken that long for the rest of the fashion world to fall in love with them.,"Lesbian Chic, for All",2024-02-12T10:00:30+0000,article,Style,News,"Advertising and Marketing;Super Bowl;Cosmetics and Toiletries;Swift, Taylor;Kelce, Travis;Social Media;TikTok (ByteDance)"
30,"The season’s most covetable garments are trimmed with fringe, shot through with shine and gorgeously patterned.",,"Light, Pretty Knits for Spring",2024-02-12T10:00:37+0000,article,T Magazine,News,"Advertising and Marketing;Super Bowl;Cosmetics and Toiletries;Swift, Taylor;Kelce, Travis;Social Media;TikTok (ByteDance)"
31,"Women, long expected to cook for their families at home, have emerged as stars in Istanbul’s male-dominated food scene. A tour of the restaurants where they are quietly defining the city’s cuisine.","No bigger than chickpeas and blanketed with tangy yogurt and sizzling spiced butter, the manti were so good they could be inhaled by the dozen. My partner, Barry, and I devoured these lamb-filled Turkish dumplings, shaped into cute tufted shells, at Hatice Anne Ev Yemekleri, a homey spot in Istanbul’s Kuzguncuk neighborhood.",How Female Chefs Are Sparkling in Istanbul,2024-02-12T10:00:44+0000,article,Travel,News,"Advertising and Marketing;Super Bowl;Cosmetics and Toiletries;Swift, Taylor;Kelce, Travis;Social Media;TikTok (ByteDance)"
32,"In “The Book of Love,” the Pulitzer finalist and master of short stories pushes our understanding of what a fantasy novel can be.","A certain weight of expectation accrues on writers of short fiction who haven’t produced a novel, as if the short story were merely the larval stage of longer work. No matter how celebrated the author and her stories, how garlanded with prizes and grants, the sense persists: She will eventually graduate from the short form to the long. After an adolescence spent munching milkweed in increments of 10,000 words or less, she will come to her senses and build the chrysalis required for a novel to emerge, winged and tender, from within.","Kelly Link Returns with a Dreamlike, Profoundly Beautiful Novel",2024-02-12T10:00:46+0000,article,Books,Review,"Advertising and Marketing;Super Bowl;Cosmetics and Toiletries;Swift, Taylor;Kelce, Travis;Social Media;TikTok (ByteDance)"
33,"Mirroring, mimicking and doubling are everywhere these days. What does this say about our collective sense of identity?","THE GREAT LOVE (or should I say, loves) of my preadolescent years in India was a pair of identical Danish twins. Charlotte and Christina were the most exotic things the British School in New Delhi had ever seen. They appeared like two beams of Nordic sunshine during those final days of India’s Socialist isolation in 1990 — blond, elfin, androgynous and (it has to be said) tantalizingly interchangeable. Charlotte was the extroverted one, impish, funny; Christina was quieter, a touch glacial. I was a Charlotte man, but went out briefly with Christina, which may have only meant a few slow dances to Guns N’ Roses’ 1991 hit “November Rain.” I was aware even then, at that age when so much is felt and so little articulated, of there being something compelling in giving my tween heart to one twin while going out with her double. Identical twins have it rough. As soon as we see them, fetishizing their likenesses and dissimilarities, we turn them into proxies for ideas. We revel in our ability to tell them apart, as if it were up to us to impart individuality unto them. We marvel at the sureness of our eye, treating them like human trompe l’oeils. We hardly stop to consider the actual reality of identical twins before extracting metaphorical power from them. There lies a chasm between biological fact and the captivating game of mirroring and doubling that we, as humans, love to play, where likeness has the inverse effect of drawing attention to deeper differences.",Why We’re Living in an Age of Twins,2024-02-12T10:00:50+0000,article,T Magazine,News,"Advertising and Marketing;Super Bowl;Cosmetics and Toiletries;Swift, Taylor;Kelce, Travis;Social Media;TikTok (ByteDance)"
34,"Getting dumped while dining out doesn’t just happen in movies. And in real life, it could put you off your favorite place forever.","Food and love go hand in hand. For Valentine’s Day, we’re exploring this fiery connection in all stages of a relationship, from a first date to living together to breaking up.",When the Breakup Ruins Your Favorite Restaurant,2024-02-12T10:00:50+0000,article,Food,News,"Advertising and Marketing;Super Bowl;Cosmetics and Toiletries;Swift, Taylor;Kelce, Travis;Social Media;TikTok (ByteDance)"
35,"A midcentury-modern retreat in Palm Springs, a three-bedroom house in Santa Barbara and an island home in Belvedere.","This 1963 house is in the bustling Old Las Palmas neighborhood, a few blocks from Palm Canyon, with easy access to shopping and dining on Palm Canyon Drive. It is a 10-minute walk from a coffee shop, a gastro pub and an ice cream shop, and a 15-minute walk from Billy Reed’s, a restaurant and bakery that has been in business since 1975.",$3.7 Million Homes in California,2024-02-12T10:00:53+0000,article,Real Estate,News,"Advertising and Marketing;Super Bowl;Cosmetics and Toiletries;Swift, Taylor;Kelce, Travis;Social Media;TikTok (ByteDance)"
36,"Americans voters don’t think the economy stinks, actually.",We look to be headed for what could be the most unpopular sequel since “Home Alone 3”: Biden versus Trump 2.0.,What a Split in Consumer Confidence Means for Biden,2024-02-12T10:00:57+0000,article,Opinion,Op-Ed,"Advertising and Marketing;Super Bowl;Cosmetics and Toiletries;Swift, Taylor;Kelce, Travis;Social Media;TikTok (ByteDance)"
37,"Voters head to the polls tomorrow in the election pitting Tom Suozzi, a Democrat, against Mazi Pilip, who is running as a Republican. The race is considered a tossup.",Good morning. It’s Monday. Election Day is tomorrow for the congressional district that sent George Santos to Washington. We’ll look at the two candidates.,The Special Election to Fill George Santos’s Seat,2024-02-12T10:01:03+0000,article,New York,briefing,"Advertising and Marketing;Super Bowl;Cosmetics and Toiletries;Swift, Taylor;Kelce, Travis;Social Media;TikTok (ByteDance)"
38,"In “Brought Forth on This Continent” and “The Last Ships From Hamburg,” people fleeing violence and famine meet resistance in the United States.","Fears that the immigration of non-Protestant “lower races” would weaken, if not destroy, America’s moral fiber, prosperity and peace are as old as the Republic itself. As the prolific author Harold Holzer tells us in “Brought Forth on This Continent,” his exhaustive account of Abraham Lincoln and 19th-century immigration politics, Harrison Gray Otis of Massachusetts took to the floor of the newly established House of Representatives in 1797 to declare that he did “not wish to invite hordes of wild Irishmen, nor the turbulent and disorderly of all parts of the world” who might “come here with a view to disturb our tranquillity.”",The Deadly Business of Restricting Immigration,2024-02-12T10:01:09+0000,article,Books,Review,"Advertising and Marketing;Super Bowl;Cosmetics and Toiletries;Swift, Taylor;Kelce, Travis;Social Media;TikTok (ByteDance)"
39,The small distributor has outsize influence because it handles Studio Ghibli films in the United States. Its titles have earned 13 Oscar nods.,"When the Irish animated film “The Secret of Kells” received a surprise Oscar nomination in 2010, GKids, the boutique distribution company that mounted a stealthy but mighty grass roots campaign on its behalf, had been around for only a little over a year.",How GKids Became the A24 of Animation,2024-02-12T10:01:10+0000,article,Movies,News,"Advertising and Marketing;Super Bowl;Cosmetics and Toiletries;Swift, Taylor;Kelce, Travis;Social Media;TikTok (ByteDance)"
40,"For a moment, immersed in memories, the future isn’t so much as a dream.","The dump trucks rattling with gravel were bad. Worse were the concrete mixers lined up on the street, one of them stretched like a growling triceratops across our driveway. I had to plow over a flower bed to leave my own house.",The Deep Joy of Squirreling It All Away,2024-02-12T10:01:28+0000,article,Opinion,News,"Advertising and Marketing;Super Bowl;Cosmetics and Toiletries;Swift, Taylor;Kelce, Travis;Social Media;TikTok (ByteDance)"
41,"The showrunner and former “Atlanta” writer, re-teaming with Donald Glover, made the film’s famously flawless heroes fallible.","Francesca Sloane loves those scenes in spy movies when a man and a woman on the run evade their pursuers with an impromptu kiss. With little warning, the man draws the woman close to him, plants one on her lips and — just for as long as it takes for the bad guys to lose their trail — awakens the dormant passion between them.","Francesca Sloane, Creator of ‘Mr. & Mrs. Smith,’ Finds Poetry in Oddity",2024-02-12T10:01:28+0000,article,Arts,News,"Advertising and Marketing;Super Bowl;Cosmetics and Toiletries;Swift, Taylor;Kelce, Travis;Social Media;TikTok (ByteDance)"
42,"Weak enamel can make you more susceptible to cavities, but there are steps you can take to protect your teeth.","Having bright, beautiful teeth depends on more than just brushing twice a day.",How to Keep Your Teeth Strong,2024-02-12T10:01:28+0000,article,Well,News,"Advertising and Marketing;Super Bowl;Cosmetics and Toiletries;Swift, Taylor;Kelce, Travis;Social Media;TikTok (ByteDance)"
43,The museum returned the painting three years ago to the heirs of a gallery once led by a German Jew. But one heir called the payment to MoMA included in the deal “unreasonable.”,"For years, “Over Vitebsk” occupied a central place in the collection of the Museum of Modern Art, which spoke of Marc Chagall’s painting of his hometown in the Russian empire as an important part of its holdings.","Quietly, After a $4 Million Fee, MoMA Returns a Chagall With a Nazi Taint",2024-02-12T10:01:43+0000,article,Arts,News,"Advertising and Marketing;Super Bowl;Cosmetics and Toiletries;Swift, Taylor;Kelce, Travis;Social Media;TikTok (ByteDance)"
44,"Efforts are underway to restore the Love Bank museum in Slovakia, which celebrates the “world’s longest love poem” and rents tiny boxes to house romantic keepsakes.","For romantics looking to display their passion and devotion, the Love Bank in Slovakia has plenty of room in its Love Vault where 7,000 people have already deposited their keepsakes and symbols of affection, whether reciprocated or unrequited.","No Deposits This Year at Love Bank, a Museum of Affection Hit by Fire",2024-02-12T10:01:43+0000,article,Arts,News,"Advertising and Marketing;Super Bowl;Cosmetics and Toiletries;Swift, Taylor;Kelce, Travis;Social Media;TikTok (ByteDance)"
45,What does it take to make an It Bag? MSCHF’s answer may surprise you.,"For years, the “made in” label has been shorthand for certain stereotypes. Quality in craftsmanship, in materials, in taste if it’s “Made in Italy” or “Made in France.” Mass labor, mass markets and mass counterfeits if it’s “Made in China” or “Made in Bangladesh.” Whether these labels are based in reality or simply emanations of a joint consumer fantasy is increasingly debatable.","It’s a Birkin! No, a Dior. No, a Balenciaga. What in the World is It?",2024-02-12T10:01:43+0000,article,Style,News,"Advertising and Marketing;Super Bowl;Cosmetics and Toiletries;Swift, Taylor;Kelce, Travis;Social Media;TikTok (ByteDance)"
46,A jury convicted a mother for a mass shooting carried out by her child. Is this an important precedent or a dangerous one?,"On Feb. 6, Jennifer Crumbley was convicted on four counts of involuntary manslaughter, one for each student her son killed in Michigan’s deadliest school shooting.",Should Parents Ever Be Held Responsible for the Harmful Actions of Their Children?,2024-02-12T10:01:46+0000,article,The Learning Network,News,"Advertising and Marketing;Super Bowl;Cosmetics and Toiletries;Swift, Taylor;Kelce, Travis;Social Media;TikTok (ByteDance)"
47,The Democratic-allied Campaign for a Family Friendly Economy intends to lift President Biden and important House and Senate races.,"A liberal political organization that promotes economic policies for working families, the Campaign for a Family Friendly Economy, will spend $40 million backing President Biden’s re-election bid and other Democratic candidates for the House and Senate.",Group Focused on Child Care Sets $40 Million Effort to Help Democrats,2024-02-12T10:01:48+0000,article,U.S.,News,"Advertising and Marketing;Super Bowl;Cosmetics and Toiletries;Swift, Taylor;Kelce, Travis;Social Media;TikTok (ByteDance)"
48,“The Freaks Came Out to Write” is an oral history of America’s most important alternative weekly.,"Tricia Romano’s oral history of The Village Voice, the most important alternative weekly of the 20th century, is a well-made disco ball of a book — it’s big, discursive, ardent, intellectual and flecked with gossip. “The Freaks Came Out to Write” may be the best history of a journalistic enterprise I’ve ever read, in that its garrulous tone so mirrors the institution’s own.",What Was The Village Voice?,2024-02-12T10:01:53+0000,article,Books,Review,"Advertising and Marketing;Super Bowl;Cosmetics and Toiletries;Swift, Taylor;Kelce, Travis;Social Media;TikTok (ByteDance)"
49,Our fashion critic encourages a reader to invest in timeless pieces instead of getting caught up in generational stereotypes.,"Gen Z has been mocking millennial style with so much glee in the last few years that doing so has become its own TikTok trend. But seeing this as a generational issue is, it seems to me, a mistake. It’s more of a decade issue in that our style is often formed by the ethos of the time in which we came of age, started buying our own clothes, and had to figure out what it meant to navigate identity in the outside world.",How Can I Update My Millennial Style?,2024-02-12T10:01:56+0000,article,Style,News,"Advertising and Marketing;Super Bowl;Cosmetics and Toiletries;Swift, Taylor;Kelce, Travis;Social Media;TikTok (ByteDance)"
50,"We are due for a national conversation, informed by science and not politics, about our expectations for our leaders’ cognitive and emotional health.","The special counsel Robert K. Hur’s report, in which he declined to prosecute President Biden for his handling of classified documents, also included a much-debated assessment of Mr. Biden’s cognitive abilities.",I’m a Neuroscientist. We’re Thinking About Biden’s Memory and Age in the Wrong Way.,2024-02-12T10:01:56+0000,article,Opinion,Op-Ed,"Advertising and Marketing;Super Bowl;Cosmetics and Toiletries;Swift, Taylor;Kelce, Travis;Social Media;TikTok (ByteDance)"
51,The justice took part in a public conversation on the afternoon of a Supreme Court hearing about whether the former president may hold office again.,“Another slow day at the office?”,"Hours After Trump Argument, Cautious Reflections From Justice Kagan",2024-02-12T10:01:57+0000,article,U.S.,News,"Advertising and Marketing;Super Bowl;Cosmetics and Toiletries;Swift, Taylor;Kelce, Travis;Social Media;TikTok (ByteDance)"
52,Advice for the president after a tough week.,"Bret Stephens: Hi, Gail. It was a no good, very bad week for the “well-meaning, elderly man with a poor memory” who happens to be the 46th president. If you were his closest friend, what advice would you give him?",This Is Not the Way Team Biden Drew It Up,2024-02-12T10:02:03+0000,article,Opinion,Op-Ed,"Advertising and Marketing;Super Bowl;Cosmetics and Toiletries;Swift, Taylor;Kelce, Travis;Social Media;TikTok (ByteDance)"
53,What happens when your better half is worse in the kitchen?,"Food and love go hand in hand. For Valentine’s Day, we’re exploring this fiery connection in all stages of a relationship, from a first date to living together to breaking up.","I Love You, but I Hate Your Cooking",2024-02-12T10:02:43+0000,article,Food,News,"Advertising and Marketing;Super Bowl;Cosmetics and Toiletries;Swift, Taylor;Kelce, Travis;Social Media;TikTok (ByteDance)"
54,The vital symbolic value of a public shelter.,"I once visited a domestic violence shelter in New England. It was a small, nondescript Cape Cod-style house, jammed between other similar houses, just blocks from the ocean. Sand crunched under my shoes on a sidewalk so narrow I could have reached my hand through the window and touched someone on the couch. It had three bedrooms and a shared kitchen and bath, beige walls and furniture and a single kitchen table that required eating in shifts. Enough room for maybe three families, if they crammed themselves into shared bedrooms. The house was anonymous, its mission both urgent and secret. But it was also depressing — and pretty typical, as far as shelters go.",We Keep Domestic Violence Shelters Secret. Who Is That Really Helping?,2024-02-12T10:14:44+0000,article,Opinion,Op-Ed,"Advertising and Marketing;Super Bowl;Cosmetics and Toiletries;Swift, Taylor;Kelce, Travis;Social Media;TikTok (ByteDance)"
55,"Plus, Trump rattles NATO.","The New York Times Audio app is home to journalism and storytelling, and provides news, depth and serendipity. If you haven’t already, download it here — available to Times news subscribers on iOS — and sign up for our weekly newsletter.","Israel Strikes Rafah, and a Super Bowl Surprise",2024-02-12T11:00:02+0000,article,Podcasts,News,"Advertising and Marketing;Super Bowl;Cosmetics and Toiletries;Swift, Taylor;Kelce, Travis;Social Media;TikTok (ByteDance)"
56,"After a panel blew off an Alaska Airlines flight, questions have again swirled around the manufacturer.","When a piece of an Alaska Airlines flight blew out into the sky in January, concern and scrutiny focused once more on the plane’s manufacturer, Boeing.",Why Boeing’s Top Airplanes Keep Failing,2024-02-12T11:00:14+0000,article,Podcasts,News,"Advertising and Marketing;Super Bowl;Cosmetics and Toiletries;Swift, Taylor;Kelce, Travis;Social Media;TikTok (ByteDance)"
57,Diamondback Energy and Endeavor Energy Resources are both major players in the booming Permian Basin.,"Two large Texas oil producers are joining forces in a deal valued at $26 billion, the latest in a wave of consolidation in the U.S. energy industry.",Two Big Texas Oil Producers Announce $26 Billion Merger,2024-02-12T11:13:57+0000,article,Business Day,News,"Advertising and Marketing;Super Bowl;Cosmetics and Toiletries;Swift, Taylor;Kelce, Travis;Social Media;TikTok (ByteDance)"
58,"A storm starting Monday night will bring heavy snow to parts of New Jersey, New York and Connecticut, forecasters said.","Heavy snowfall will spread over parts of the Northeast starting late Monday and into Tuesday, with some areas expected to get up to two inches of snow an hour, National Weather Service forecasters said.",Nor’easter Expected to Bring New York City’s Heaviest Snow in Over 2 Years,2024-02-12T11:33:23+0000,article,U.S.,News,"Advertising and Marketing;Super Bowl;Cosmetics and Toiletries;Swift, Taylor;Kelce, Travis;Social Media;TikTok (ByteDance)"
59,The group once seemed like an unstoppable force in American politics. What went wrong?,"A decade ago, the National Rifle Association seemed like an unstoppable force in American politics. A shooter had killed 20 children at an elementary school in Newtown, Conn., in 2012. Democrats and Republicans in Congress appeared ready to pass new restrictions on guns. The N.R.A. called on its members to contact their representatives and voice their opposition, and the bills died.",The Decline of the N.R.A.,2024-02-12T11:38:49+0000,article,Briefing,News,"Advertising and Marketing;Super Bowl;Cosmetics and Toiletries;Swift, Taylor;Kelce, Travis;Social Media;TikTok (ByteDance)"
60,"The Gazan health ministry said that at least 67 people had been killed in Israeli strikes overnight in Rafah, and that the toll was likely to rise.","Palestinians in Rafah described a night of fear as Israeli strikes pummeled the area early Monday, killing and wounding dozens, according to the Gazan health ministry, and highlighting the cost of Israel’s military operation to free its hostages.",Palestinians in Rafah Describe ‘Night Full of Horror’ During Israeli Hostage Rescue,2024-02-12T12:29:40+0000,article,World,News,"Advertising and Marketing;Super Bowl;Cosmetics and Toiletries;Swift, Taylor;Kelce, Travis;Social Media;TikTok (ByteDance)"
61,"Take America’s biggest game, add Taylor Swift and Usher, and put it all in Las Vegas, and Kansas City’s repeat as Super Bowl champion makes perfect sense.","At some point, the Super Bowl stopped being entirely about football and evolved — or is it devolved — into a corporate carnival with lavish parties, halftime extravaganzas and commercials whose budgets seemed to rival a blockbuster movie.",The Drama of Sports Transcends the Super Bowl Spectacle,2024-02-12T13:00:14+0000,article,U.S.,News,"Advertising and Marketing;Super Bowl;Cosmetics and Toiletries;Swift, Taylor;Kelce, Travis;Social Media;TikTok (ByteDance)"
62,Are humans the only beings in the universe confronting global self-destruction? Or just the last ones standing?,"The Bomb and I go way back. In Seattle, where I grew up in the 1950s and ’60s, it was common wisdom that in the event of nuclear war, we were No. 2 on the target list because Seattle was the home of Boeing, maker of B-52 bombers and Minuteman missiles.",The Doomsday Clock Keeps Ticking,2024-02-12T13:01:10+0000,article,Science,News,"Advertising and Marketing;Super Bowl;Cosmetics and Toiletries;Swift, Taylor;Kelce, Travis;Social Media;TikTok (ByteDance)"
63,"An overtime classic, featuring appearances by Usher and Taylor Swift, could make this year’s Super Bowl a hugely profitable money-maker for the N.F.L.","In many ways, the N.F.L. couldn’t have asked for a better outcome for the Super Bowl. It got a thrilling overtime victory that cemented the Kansas City Chiefs as the league’s latest dynasty; a well-reviewed halftime show by Usher; a full roster of pricey ads; and, of course, Taylor Swift in person.",How Big Was the Big Game?,2024-02-12T13:10:22+0000,article,Business Day,News,"Advertising and Marketing;Super Bowl;Cosmetics and Toiletries;Swift, Taylor;Kelce, Travis;Social Media;TikTok (ByteDance)"
64,Who says Area is just about the concept and not the clothes?,"About half an hour after the Area show ended in New York on Super Bowl Sunday, Taylor Swift appeared in Allegiant Stadium in Las Vegas wearing a pair of the brand’s “crystal slit jeans” — a high-waist denim style sliced diagonally at the center of each thigh, the patently faux “rip” framed by diamanté. It was like a runway-to-real-life feature happening in actual time — or Super time.","At the Super Bowl, Taylor Swift Gives a Fashion Week Brand a Boost",2024-02-12T13:54:18+0000,article,Style,News,"Advertising and Marketing;Super Bowl;Cosmetics and Toiletries;Swift, Taylor;Kelce, Travis;Social Media;TikTok (ByteDance)"
65,"More than 4,000 gay couples were married at San Francisco City Hall over the next month, in what supporters called the “Winter of Love.”","It’s Monday. The 20th anniversary of California’s first same-sex marriages. Plus, the state’s fast-food workers have a new union.",The 20th Anniversary of California’s First Same-Sex Marriages,2024-02-12T14:00:12+0000,article,U.S.,briefing,"Advertising and Marketing;Super Bowl;Cosmetics and Toiletries;Swift, Taylor;Kelce, Travis;Social Media;TikTok (ByteDance)"
66,"The two men hold radically different world views and the president, Javier Milei, has spoken about Francis in harsh terms, but the Vatican said their meeting was “cordial.”","President Javier Milei of Argentina, who before taking office ridiculed Pope Francis as an “imbecile” and accused him of violating the Ten Commandments, met with the pontiff on Monday for an hourlong conversation that the Vatican described as “cordial.”",Pope and Argentine President Appear to Find Some Common Ground,2024-02-12T14:24:02+0000,article,World,News,"Advertising and Marketing;Super Bowl;Cosmetics and Toiletries;Swift, Taylor;Kelce, Travis;Social Media;TikTok (ByteDance)"
67,Maybe frog and fungi are friends.,"Over the summer, Lohit Y.T., a river and wetlands specialist at World Wildlife Fund-India, set off with his friends in the drizzly foothills of the Western Ghats in India. They had one goal: to see amphibians and reptiles.",A Mushroom Grew in a Strange Place: The Side of a Frog,2024-02-12T14:49:05+0000,article,Science,News,"Advertising and Marketing;Super Bowl;Cosmetics and Toiletries;Swift, Taylor;Kelce, Travis;Social Media;TikTok (ByteDance)"
68,"The filing was former President Donald J. Trump’s last-ditch effort to press his claim of total immunity, which has been rejected by two lower courts.",Former President Donald J. Trump asked the Supreme Court on Monday to pause an appeals court’s ruling rejecting his claim that he is absolutely immune from criminal charges based on his attempts to subvert the 2020 election.,Trump Asks Supreme Court to Pause Ruling Denying Him Absolute Immunity,2024-02-12T14:51:49+0000,article,U.S.,News,"Advertising and Marketing;Super Bowl;Cosmetics and Toiletries;Swift, Taylor;Kelce, Travis;Social Media;TikTok (ByteDance)"
69,"The move reflected mounting alarm over the civilian toll of Israel’s war in Gaza, but was unlikely to have an immediate effect on the military campaign.","A court in the Netherlands on Monday ordered the Dutch government to stop exporting parts for F-35 fighter jets to Israel, a move that reflected mounting alarm over the heavy civilian toll of Israel’s war in Gaza but was unlikely to have an immediate effect on the military campaign.",Dutch Court Moves to Block Export of Fighter Jet Parts to Israel,2024-02-12T14:58:00+0000,article,World,News,"Advertising and Marketing;Super Bowl;Cosmetics and Toiletries;Swift, Taylor;Kelce, Travis;Social Media;TikTok (ByteDance)"
70,"With sports betting illegal in California and daunting prices in the Super Bowl host city, some San Francisco fans embraced an alternative.","Every Super Bowl Sunday, thousands of gamblers head to the Grand Sierra Resort and Casino, the largest of its kind in northern Nevada, to bet on the big game and party with fellow football fans. High rollers dine on all-you-can-eat buffets and the champagne flows in V.I.P. rooms throughout the massive complex. Long lines snake out of the William Hill Sportsbook just off the casino floor.","Leaving Las Vegas to High Rollers, Some 49ers Fans Chose Reno",2024-02-12T15:39:14+0000,article,Business Day,News,"Advertising and Marketing;Super Bowl;Cosmetics and Toiletries;Swift, Taylor;Kelce, Travis;Social Media;TikTok (ByteDance)"
71,A new study adds to growing evidence that exercise is an important part of preventing one of America’s deadliest cancers.,"In recent years, one of the most provocative questions in cancer research has been whether a regular exercise habit can prevent certain cancers from taking hold.",Can Exercise Help Prevent Prostate Cancer?,2024-02-12T15:58:54+0000,article,Well,News,"Advertising and Marketing;Super Bowl;Cosmetics and Toiletries;Swift, Taylor;Kelce, Travis;Social Media;TikTok (ByteDance)"
72,"Have you ever baked a giant chocolate chip cookie in a skillet? If you haven’t, now is the time because Samantha Seneviratne’s recipe is utterly magical. Like everything she puts forth, Samantha’s giant cookie is perfectly balanced, a harmony of brown sugar, walnuts and chocolate chips seasoned with just enough salt to tame the sweetness. And smushing one giant cookie into a skillet is vastly easier and faster than forming individual cookies. It’s the kind of after-work treat that makes Monday altogether worth it.","Have you ever baked a giant chocolate chip cookie in a skillet? If you haven’t, now is the time because Samantha Seneviratne’s recipe is utterly magical. Like everything she puts forth, Samantha’s giant cookie is perfectly balanced, a harmony of brown sugar, walnuts and chocolate chips seasoned with just enough salt to tame the sweetness. And smushing one giant cookie into a skillet is vastly easier and faster than forming individual cookies. It’s the kind of after-work treat that makes Monday altogether worth it.",Nothing Says ‘Be Mine’ Like a Chocolate Chip Cookie the Size of Your Face,2024-02-12T16:00:04+0000,article,Food,Letter,"Advertising and Marketing;Super Bowl;Cosmetics and Toiletries;Swift, Taylor;Kelce, Travis;Social Media;TikTok (ByteDance)"
73,"The 29-year-old musician grew up in Colorado and ended up in Sweden, where she fell in love with the organ. Her latest album, “All Life Long,” is out now.","At the close of an organ concert in early February, Kali Malone, performing at Kaiser Wilhelm Memorial Church in Berlin, did something unusual: She turned off the instrument’s motor while she and Stephen O’Malley of the doom-metal group Sunn 0))) held down the keys. For nearly three minutes, as the air drained from the organ’s 5,000-odd pipes, the pair’s rich chords turned spectral as they faded to silence, wheezing and wavering, like a chorus of sleepy ghosts.",Kali Malone Studied Farming. Fate Brought Her to Avant-Garde Music.,2024-02-12T16:00:11+0000,article,Arts,News,"Advertising and Marketing;Super Bowl;Cosmetics and Toiletries;Swift, Taylor;Kelce, Travis;Social Media;TikTok (ByteDance)"
74,The president announced his arrival on the platform by poking fun at the notion that he had rigged the Super Bowl.,Did President Biden cunningly rig the Super Bowl so the Kansas City Chiefs would win?,Biden’s First TikTok Post Jokes About Super Bowl Conspiracy Theory,2024-02-12T16:11:31+0000,article,U.S.,News,"Advertising and Marketing;Super Bowl;Cosmetics and Toiletries;Swift, Taylor;Kelce, Travis;Social Media;TikTok (ByteDance)"
75,"Police officers investigating the murder of Brent Sikkema, a New York gallerist, in Rio are now seeking the arrest of his husband, Daniel Sikkema. His lawyer said he was innocent.","Brazilian police investigating the murder of Brent Sikkema, a prominent New York art dealer who was found stabbed to death last month in his Rio de Janeiro apartment, are now seeking the arrest of his husband, Daniel Sikkema.",Brazilian Police Seek Husband in Murder of Noted Art Dealer,2024-02-12T16:43:35+0000,article,Arts,News,"Advertising and Marketing;Super Bowl;Cosmetics and Toiletries;Swift, Taylor;Kelce, Travis;Social Media;TikTok (ByteDance)"
76,The city is preparing for the largest snowfall in two years on Tuesday. It will be the first time during the Adams administration that school buildings have closed for snow.,"New York City public schools will hold classes remotely on Tuesday, Mayor Eric Adams announced on social media, as the metro area prepares for what could be its largest snowfall in more than two years.",New York City Public Schools Will Hold Remote Classes Because of Snow,2024-02-12T16:44:26+0000,article,New York,News,"Advertising and Marketing;Super Bowl;Cosmetics and Toiletries;Swift, Taylor;Kelce, Travis;Social Media;TikTok (ByteDance)"
77,Some literary characters and arcs need more than just one book. Try this short quiz to see if you remember the second novel that continued the story.,Some literary characters and arcs need more than just one book. Try this short quiz to see if you remember the second novel that continued the story.,Can You Name the Sequels to These Best-Selling Novels?,2024-02-12T16:45:07+0000,multimedia,Books,Interactive Feature,"Advertising and Marketing;Super Bowl;Cosmetics and Toiletries;Swift, Taylor;Kelce, Travis;Social Media;TikTok (ByteDance)"
78,"For her latest program at the Joyce Theater, the one-of-a-kind choreographer showcases two new dances, along with a revival of “Ocean’s Motion.”","“OK, is everybody’s gum ready?”","Twyla Tharp: ‘You Dig Down, You Settle in, You Don’t Stop’",2024-02-12T16:51:24+0000,article,Arts,Review,"Advertising and Marketing;Super Bowl;Cosmetics and Toiletries;Swift, Taylor;Kelce, Travis;Social Media;TikTok (ByteDance)"
79,"Try a cooking oil made from algae, pick up a citrus wheel plate and more food news.","The subtitle of the stunning new cookbook “French Boulangerie,” from Ferrandi Paris, the French equivalent of the Culinary Institute of America, should be “Fermentation.” All but a couple of the recipes in the book involve the process. At the outset, after covering ingredients and explaining gluten, there are lengthy how-to’s describing several fermentation techniques: levain, commercial yeast and poolish. Step-by-step photos spill over into the recipes for assorted breads, viennoiserie, types of puff pastry, brioches, creams and fillings. But the scope is not limited to France: There are recipes for injera, bao buns, babka, pastrami sandwiches, flatbreads like pizza and even hot dogs. For each, the book provides a precise indication of how much time is needed to complete the recipe.",The Cookbook ‘French Boulangerie’ Embraces Fermentation and Goes Beyond France,2024-02-12T17:32:43+0000,article,Food,News,"Advertising and Marketing;Super Bowl;Cosmetics and Toiletries;Swift, Taylor;Kelce, Travis;Social Media;TikTok (ByteDance)"
80,"Alexander Stubb was elected vowing to bolster Finland’s new role in NATO, just as Trump’s threats have thrown the future of the alliance into doubt.","Educated in the United States and deeply pro-American, Finland’s president-elect, Alexander Stubb, looked perfectly poised to lead his nation into a stronger trans-Atlantic partnership and redefine its role in the global order as a newly minted NATO member.","Finland’s New President Faces Unexpected First Test: Not Russia, but Trump",2024-02-12T18:04:28+0000,article,World,News,"Advertising and Marketing;Super Bowl;Cosmetics and Toiletries;Swift, Taylor;Kelce, Travis;Social Media;TikTok (ByteDance)"
81,Readers react to articles about the president’s age. Also: Responses to Donald Trump’s warning to NATO.,To the Editor:,Biden’s Age as a Major Campaign Issue,2024-02-12T18:32:56+0000,article,Opinion,Letter,"Advertising and Marketing;Super Bowl;Cosmetics and Toiletries;Swift, Taylor;Kelce, Travis;Social Media;TikTok (ByteDance)"
82,"Officials said a 36-year-old woman who opened fire at Lakewood Church, which is led by the televangelist Joel Osteen, had a documented history of arrests and mental illness. She was killed by off-duty officers.","As afternoon services were beginning at Lakewood Church in Houston on Sunday, a woman arrived in a trench coat and carrying a backpack, her 7-year-old son at her side. She brought two rifles and had a piece of yellow rope resembling a detonation cord, law enforcement officials said on Monday.",Houston Megachurch Shooter Had an AR-15 and Brought Her 7-Year-Old Son,2024-02-12T18:43:03+0000,article,U.S.,News,"Advertising and Marketing;Super Bowl;Cosmetics and Toiletries;Swift, Taylor;Kelce, Travis;Social Media;TikTok (ByteDance)"
83,"Politicians and the military are jockeying to lead the country after the success of the party of Imran Khan, a jailed former prime minister.","The stunning election success of a party whose leader is in jail has set off a political crisis in Pakistan, a nuclear-armed nation of 240 million people.",Who Are the Major Players After Pakistan’s Stunning Election?,2024-02-12T18:52:02+0000,article,World,News,"Advertising and Marketing;Super Bowl;Cosmetics and Toiletries;Swift, Taylor;Kelce, Travis;Social Media;TikTok (ByteDance)"
84,"Once an undocumented sex worker and addict, she was a powerful advocate for marginalized people, and an irresistible story teller.","Cecilia Gentili, a fierce advocate for transgender people and sex workers and a powerful legislative lobbyist — as well as an author and a bawdy, searing performer — died on Feb. 6 at her home in the Marine Park section of Brooklyn. She was 52.","Cecilia Gentili, Transgender Activist, Performer and Author, Dies at 52",2024-02-12T19:19:01+0000,article,New York,Obituary (Obit),"Advertising and Marketing;Super Bowl;Cosmetics and Toiletries;Swift, Taylor;Kelce, Travis;Social Media;TikTok (ByteDance)"
85,"The real estate analytics company poured millions of dollars into ads for Homes.com and Apartments.com in its latest effort to challenge rival home-search portals, like Zillow and Realtor.com.","CoStar Group, the $34 billion real estate analytics company, slammed into its Super Bowl debut with four high-gloss commercials on Sunday night, buying up more airtime than Pepsi and even the perennial favorite Budweiser, which each only purchased two multimillion slots on football’s biggest night.","CoStar Group’s Super Bowl Debut: Dan Levy, Heidi Gardner and Jeff Goldblum",2024-02-12T19:20:07+0000,article,Real Estate,News,"Advertising and Marketing;Super Bowl;Cosmetics and Toiletries;Swift, Taylor;Kelce, Travis;Social Media;TikTok (ByteDance)"
86,"The C.I.A. and other agencies concluded that no hostile power was responsible for the mysterious ailments, a finding some whistle-blowers have challenged.","The House Intelligence Committee is investigating how U.S. spy agencies examined cases of Havana syndrome, a potential challenge by Congress to their conclusions about the mysterious illnesses.",Congress to Examine U.S. Spy Agencies’ Work on Havana Syndrome,2024-02-12T19:49:34+0000,article,U.S.,News,"Advertising and Marketing;Super Bowl;Cosmetics and Toiletries;Swift, Taylor;Kelce, Travis;Social Media;TikTok (ByteDance)"
87,"The city’s approval system favors buildings by starchitects, but the spectacle comes at a price.","London has a jarring profusion of odd skyscrapers with funny names or nicknames. There are the Shard and the Scalpel, which are pretty elegant. The (mostly) well-liked Gherkin, which looks like a glass pickle. The wedge-shaped Cheese Grater. And the widely loathed Walkie-Talkie, a bulbous cartoon of a building that “looms thuggishly over its low-rise neighbors like a broad-shouldered banker in a cheap pinstriped suit,” to quote The Guardian.",‘An Incoherent Riot’: Why London’s Skyline Looks So Weird,2024-02-12T20:00:02+0000,article,Opinion,Op-Ed,"Advertising and Marketing;Super Bowl;Cosmetics and Toiletries;Swift, Taylor;Kelce, Travis;Social Media;TikTok (ByteDance)"
88,"Today’s birds began their evolution into more than 10,000 species long before the fateful collision, a new genetic study found.","Sixty-six million years ago, an asteroid slammed into the Gulf of Mexico. The catastrophe led to the extinction of as many as three-quarters of all species on Earth, including dinosaurs like Tyrannosaurus rex. But some flying feathered dinosaurs survived, and eventually evolved into the more than 10,000 species of birds living today, including hummingbirds, condors, parrots and owls.",An Asteroid Wiped Out Dinosaurs. Did It Help Birds Flourish?,2024-02-12T20:00:14+0000,article,Science,News,"Advertising and Marketing;Super Bowl;Cosmetics and Toiletries;Swift, Taylor;Kelce, Travis;Social Media;TikTok (ByteDance)"
89,"Defense lawyers have accused Fani T. Willis, the Fulton County district attorney, of hiring Nathan J. Wade to run the case after she began a romantic relationship with him.",An Atlanta judge said on Monday that he would go forward with a hearing later this week delving into a romantic relationship between the two prosecutors leading an election interference case against former President Donald J. Trump and a number of his allies.,Georgia Judge Will Hear Evidence on Relationship Between Trump Prosecutors,2024-02-12T20:02:26+0000,article,U.S.,News,"Advertising and Marketing;Super Bowl;Cosmetics and Toiletries;Swift, Taylor;Kelce, Travis;Social Media;TikTok (ByteDance)"
90,The frenzy over President Biden’s age is a very bad sign.,"Until a few days ago, I was feeling fairly sanguine about America’s prospects. Economically, we’ve had a year of strong growth and plunging inflation — and aside from committed Republicans, who see no good, hear no good and speak no good when a Democrat is president, Americans appear to be recognizing this progress. It has seemed increasingly likely that the nation’s good sense would prevail and democracy would survive.",Why I Am Now Deeply Worried for America,2024-02-12T20:10:30+0000,article,Opinion,Op-Ed,"Advertising and Marketing;Super Bowl;Cosmetics and Toiletries;Swift, Taylor;Kelce, Travis;Social Media;TikTok (ByteDance)"
91,"Wesley Bell, a leader in the progressive prosecutors movement, will take on Representative Cori Bush of Missouri, in St. Louis.",The St. Louis County prosecutor challenging Representative Cori Bush for her House seat in Missouri began his day Thursday being interviewed by a prominent Black radio personality in St. Louis.,"A Left-vs.-Left House Battle, Funded by a Split Over Israel",2024-02-12T20:15:40+0000,article,U.S.,News,"Advertising and Marketing;Super Bowl;Cosmetics and Toiletries;Swift, Taylor;Kelce, Travis;Social Media;TikTok (ByteDance)"
92,"The improv comedy institution is under new ownership after missteps, and now it has a gleaming new home in Williamsburg.","From the very beginning of the improv theater Second City, its name made clear that it wasn’t a New York institution and didn’t aspire to be.",Second City Expands to the First City and Sets Up Shop in Brooklyn,2024-02-12T20:19:48+0000,article,Arts,News,"Advertising and Marketing;Super Bowl;Cosmetics and Toiletries;Swift, Taylor;Kelce, Travis;Social Media;TikTok (ByteDance)"
93,Ohio’s attorney general accused a former chairman of the state’s Public Utilities Commission of taking more than $4.3 million in bribes from FirstEnergy executives.,"Two former executives of FirstEnergy and a former public utility commissioner have been indicted in a multimillion-dollar public corruption scandal, Ohio’s attorney general, Dave Yost, said on Monday.",FirstEnergy Ex-C.E.O. and 2 Others Are Indicted in Bribery Scandal,2024-02-12T20:38:25+0000,article,Business Day,News,"Advertising and Marketing;Super Bowl;Cosmetics and Toiletries;Swift, Taylor;Kelce, Travis;Social Media;TikTok (ByteDance)"
94,"Also, Donald Trump’s high-stakes week and China’s stadium diplomacy.","The Israeli military said it had launched a wave of attacks to divert attention and provide cover for a raid by special operations forces that successfully rescued two hostages in Rafah, in Southern Gaza. Gaza’s health ministry said dozens of Palestinians were killed in the crowded city, where more than a million displaced people have sought shelter.",Tuesday Briefing: Israel Strikes Gaza to Rescue Hostages,2024-02-12T20:57:26+0000,article,World,briefing,"Advertising and Marketing;Super Bowl;Cosmetics and Toiletries;Swift, Taylor;Kelce, Travis;Social Media;TikTok (ByteDance)"
95,"A White House visit from the superstar would add fuel to several theories that she has the power to bolster President Biden’s re-election bid and sink the prospects of his likely challenger, Donald Trump.","The Kansas City Chiefs have just won the Super Bowl, and that is nice. But just to focus on the real news for one second: Could this mean that Taylor Swift — the global superstar, football enthusiast and onetime Biden endorser — is going to visit the White House?",The Chiefs Won the Super Bowl. Will Taylor Swift Visit the White House?,2024-02-12T21:01:10+0000,article,U.S.,News,"Advertising and Marketing;Super Bowl;Cosmetics and Toiletries;Swift, Taylor;Kelce, Travis;Social Media;TikTok (ByteDance)"
96,"Lara Trump, who is married to the former president’s son Eric, has worked closely with the Republican National Committee for several years.","Former President Donald J. Trump on Monday night made public what he has been discussing privately for days: He has settled on someone to replace Ronna McDaniel as the chair of the Republican National Committee, and wants his daughter-in-law, Lara Trump, to be the co-chair.","Trump Backs His Candidate for R.N.C. Chair, and His Daughter-in-Law for Co-Chair",2024-02-12T21:02:31+0000,article,U.S.,News,"Advertising and Marketing;Super Bowl;Cosmetics and Toiletries;Swift, Taylor;Kelce, Travis;Social Media;TikTok (ByteDance)"
97,Choose the queue for you.,Choose the queue for you.,Love or Hate Valentine’s Day?,2024-02-12T21:14:43+0000,multimedia,Movies,Interactive Feature,"Advertising and Marketing;Super Bowl;Cosmetics and Toiletries;Swift, Taylor;Kelce, Travis;Social Media;TikTok (ByteDance)"
98,"International pressure has escalated on Israel to restrain its military campaign in the southern Gazan city, where many have fled from attacks in the north.","The United States opposes an Israeli ground offensive into Rafah unless Israel provides for the safety of more than a million people now crammed into the city, a State Department spokesman said on Monday, adding to the Biden administration’s repudiations of the expected military action.","U.S., U.N. and International Criminal Court Intensify Warnings Against Invading Rafah",2024-02-12T21:19:51+0000,article,World,News,"Advertising and Marketing;Super Bowl;Cosmetics and Toiletries;Swift, Taylor;Kelce, Travis;Social Media;TikTok (ByteDance)"
99,"He was “the voice we woke up to” for a quarter century, delivering news and interviews in a rich baritone that reached millions of listeners.","Bob Edwards, the host of NPR’s “Morning Edition” for nearly a quarter-century, whose rich baritone and cool demeanor imbued his radio broadcasts with authority in reaching millions of listeners, died on Saturday in Arlington, Va. He was 76.","Bob Edwards, Longtime Host of NPR’s ‘Morning Edition,’ Dies at 76",2024-02-12T21:32:16+0000,article,Business Day,Obituary (Obit),"Advertising and Marketing;Super Bowl;Cosmetics and Toiletries;Swift, Taylor;Kelce, Travis;Social Media;TikTok (ByteDance)"
100,"Tracking the many criminal and civil proceedings against the former president highlights their tangled and interconnected nature, and the challenge to the judicial system.","Former President Donald J. Trump sped in and out of the federal courthouse in Fort Pierce, Fla., on Monday for a closed-door hearing in the case accusing him of illegally holding on to classified documents after he left office.","Trump’s Legal Cases: Here, There and Everywhere",2024-02-12T21:35:58+0000,article,U.S.,News,"Advertising and Marketing;Super Bowl;Cosmetics and Toiletries;Swift, Taylor;Kelce, Travis;Social Media;TikTok (ByteDance)"
101,"A week after his death at 62, the country musician’s 16-year-old hits collection is No. 1.","Toby Keith, the boisterous, unapologetically patriotic country star who died last week at 62, has a posthumous No. 1 on Billboard’s album chart, as a 16-year-old hits collection narrowly edged out Morgan Wallen’s latest — and easily topped releases by the rapper 21 Savage and the Grammy winners Taylor Swift and SZA — to reach the top of the chart.",Toby Keith Returns to the Top of the Billboard Album Chart,2024-02-12T21:37:43+0000,article,Arts,News,"Advertising and Marketing;Super Bowl;Cosmetics and Toiletries;Swift, Taylor;Kelce, Travis;Social Media;TikTok (ByteDance)"
102,"Democrats and a group of Republicans teamed up to approve the $95 billion bill, which also includes aid to Israel and civilians in conflict zones, but the House speaker threatened to ignore it.","The Senate passed a long-awaited foreign aid package for Ukraine and Israel early Tuesday morning, delivering a bipartisan endorsement of the legislation after months of negotiations, dire battlefield warnings and political mudslinging. But the measure faced a buzz saw of opposition in the House, where Republican resistance threatened to kill it.","Senate Passes Aid to Ukraine, but Fate Is Uncertain in a Hostile House",2024-02-12T21:46:21+0000,article,U.S.,News,"Advertising and Marketing;Super Bowl;Cosmetics and Toiletries;Swift, Taylor;Kelce, Travis;Social Media;TikTok (ByteDance)"
103,"Party leaders, national security institutionalists and centrists made up the core of the 22 Republicans who joined Democrats in pushing through the military aid, defying former President Donald J. Trump.","Twenty-two Senate Republicans bucked a majority of their party and former President Donald J. Trump in joining Democrats to approve military assistance, highlighting a widening foreign policy divide in the contemporary Republican Party.",Here Are the Republicans Who Broke With Their Party to Back Ukraine Aid,2024-02-12T21:50:15+0000,article,U.S.,News,"Advertising and Marketing;Super Bowl;Cosmetics and Toiletries;Swift, Taylor;Kelce, Travis;Social Media;TikTok (ByteDance)"
104,"Through self-examinations and social recriminations, Phillip Howze’s new show explores the injustices facing Black men.","The playwright and performer Phillip Howze begins “Self Portraits (Deluxe),” now running at Jack in Brooklyn, by quietly asking for introductions. As he holds up a microphone to spectators (masks are required), Howze’s genial facial expressions mirror each person’s tone of voice. It’s a deceptively empathetic prologue to a fractious and abstracted 80-minute show.","Review: In ‘Self Portraits (Deluxe),’ a Provocateur Instigates Reflection",2024-02-12T22:01:32+0000,article,Theater,Review,"Advertising and Marketing;Super Bowl;Cosmetics and Toiletries;Swift, Taylor;Kelce, Travis;Social Media;TikTok (ByteDance)"
105,"As Nancy Pelosi, 83, seeks another term in the House, The San Francisco Chronicle tempers its endorsement with hints about making way for younger Democrats.",Political insiders and many San Franciscans in general widely expected this year to be Nancy Pelosi’s swan song.,"Pelosi’s Hometown Paper Backs Her, With an Eye on the Calendar",2024-02-12T22:01:49+0000,article,U.S.,News,"Advertising and Marketing;Super Bowl;Cosmetics and Toiletries;Swift, Taylor;Kelce, Travis;Social Media;TikTok (ByteDance)"
106,"The defense secretary, who had prostate cancer surgery in December, was hospitalized with symptoms suggesting an “emergent bladder issue.”","Defense Secretary Lloyd J. Austin III will not travel to Brussels to meet with his NATO and European counterparts this week, a Pentagon official said on Monday, as he remained hospitalized for complications stemming from prostate cancer surgery.",Austin Cancels Trip to Europe After Returning to Hospital,2024-02-12T22:24:47+0000,article,U.S.,News,"Advertising and Marketing;Super Bowl;Cosmetics and Toiletries;Swift, Taylor;Kelce, Travis;Social Media;TikTok (ByteDance)"
107,"Video from the Great Lakes Shipwreck Historical Society shows the wreckage of the S.S. Arlington, which sank in Lake Superior in 1940.","Video from the Great Lakes Shipwreck Historical Society shows the wreckage of the S.S. Arlington, which sank in Lake Superior in 1940.",Sunken Ship Discovered in Lake Superior,2024-02-12T22:28:43+0000,multimedia,U.S.,Video,"Advertising and Marketing;Super Bowl;Cosmetics and Toiletries;Swift, Taylor;Kelce, Travis;Social Media;TikTok (ByteDance)"
108,"The S.S. Arlington sank in a storm after leaving a port in Ontario in May 1940. Researchers have located the wreckage, but cannot explain why the captain remained alone on board as his crew escaped.","As the S.S. Arlington, a Canadian ship carrying wheat across Lake Superior, started to sink in stormy weather on May 1, 1940, its crew clambered into a lifeboat and then gazed upon a strange sight.",A Shipwreck Is Found in Lake Superior. Its Captain’s Behavior Remains a Mystery.,2024-02-12T22:28:46+0000,article,U.S.,News,"Advertising and Marketing;Super Bowl;Cosmetics and Toiletries;Swift, Taylor;Kelce, Travis;Social Media;TikTok (ByteDance)"
109,"The hostages, who had been held by Hamas, returned to Israel after a military operation that Gazan health officials said killed at least 67 Palestinians.","Israeli special operations forces raided a building in the southern Gazan city of Rafah early Monday and freed two hostages held by Hamas, the military said, as Israel launched a wave of attacks that killed dozens of Palestinians in the city, according to the Gazan health ministry.","Israeli Raid in Rafah Rescues 2 Hostages and Kills Dozens, Officials Say",2024-02-12T22:45:15+0000,article,World,News,"Advertising and Marketing;Super Bowl;Cosmetics and Toiletries;Swift, Taylor;Kelce, Travis;Social Media;TikTok (ByteDance)"
110,"Also, an election upset in Pakistan. Here’s the latest at the end of Monday.","A raid by Israeli special forces in the southern Gazan city of Rafah this morning secured the freedom of two hostages of Hamas, the military said, the second known rescue of its kind in Gaza since the start of the war. To provide cover, Israel’s military said it had launched a wave of attacks, which Gaza’s health ministry said resulted in the deaths of dozens of Palestinians.","An Israeli Raid Rescued Two Hostages and Killed Dozens, Officials Say",2024-02-12T22:50:30+0000,article,Briefing,News,"Advertising and Marketing;Super Bowl;Cosmetics and Toiletries;Swift, Taylor;Kelce, Travis;Social Media;TikTok (ByteDance)"
111,"Pregnant women with diabetes or high blood pressure have children who are more likely to develop signs of heart trouble years later, new research finds.","Women who develop high blood pressure or diabetes in the course of pregnancy are more likely to give birth to children who develop conditions that may compromise their own heart health at a young age, scientists reported on Monday.",Children Born to Mothers With Pregnancy Complications Face Higher Heart Risks,2024-02-12T23:13:06+0000,article,Health,News,"Advertising and Marketing;Super Bowl;Cosmetics and Toiletries;Swift, Taylor;Kelce, Travis;Social Media;TikTok (ByteDance)"
112,"The shooting took place at the Mount Eden Avenue station on Monday, the police said. The victims ranged in age from 14 to 71, including a 35-year-old man who died.","A 35-year-old man was killed and five other people, including two teenagers, were wounded on Monday in a shooting at the Mount Eden Avenue subway station in the Bronx during the evening rush hour, the police said.","One Killed and 5 Wounded in Shooting at Bronx Subway Station, Police Say",2024-02-12T23:13:38+0000,article,New York,News,"Advertising and Marketing;Super Bowl;Cosmetics and Toiletries;Swift, Taylor;Kelce, Travis;Social Media;TikTok (ByteDance)"
113,Our guide to the themes dominating the race.,"The special election in New York’s Third Congressional District on Tuesday will determine who will replace George Santos, the former Republican congressman and serial fabulist, for the remainder of the year. But the political ramifications may be felt far beyond the borders of Nassau County and Queens, with lessons for both parties in November.",How Special Is New York’s Special Election?,2024-02-12T23:20:47+0000,article,U.S.,News,"Advertising and Marketing;Super Bowl;Cosmetics and Toiletries;Swift, Taylor;Kelce, Travis;Social Media;TikTok (ByteDance)"
114,"The former president showed up at the federal courthouse in Fort Pierce, Fla., where his lawyers argued behind closed doors in a proceeding about what evidence the prosecution has to share.","Former President Donald J. Trump and his lawyers spent about five hours inside a secure space in Federal District Court in Fort Pierce, Fla., on Monday, for a hearing to explain their defense strategy to the judge overseeing the case in which Mr. Trump is charged with illegally retaining classified documents after he left office.",Trump Attends Court Hearing on Access to Classified Documents,2024-02-12T23:31:02+0000,article,U.S.,News,"Advertising and Marketing;Super Bowl;Cosmetics and Toiletries;Swift, Taylor;Kelce, Travis;Social Media;TikTok (ByteDance)"
115,"After months of treading lightly about the former president’s legal travails and increasing authoritarian rhetoric, Nikki Haley came out swinging in South Carolina over a personal attack.","Nikki Haley, in the final stretch before the South Carolina primary, is going all in on attacking former President Donald J. Trump, her former boss and chief rival, whom she trails by a huge margin in her home state.","Defending Troops, Haley Says Golf Course Is Closest Trump Has Come to Combat",2024-02-12T23:31:55+0000,article,U.S.,News,"Advertising and Marketing;Super Bowl;Cosmetics and Toiletries;Swift, Taylor;Kelce, Travis;Social Media;TikTok (ByteDance)"
